"Date","Price","Open","High","Low","Change %"
"03/27/2026","93.010","92.660","93.010","92.370","0.18%"
"03/26/2026","92.840","93.150","93.170","92.840","-0.65%"
"03/25/2026","93.450","93.250","93.560","93.250","0.35%"
"03/24/2026","93.120","93.510","93.510","92.900","-0.24%"
"03/23/2026","93.340","92.660","93.830","90.910","0.24%"
"03/20/2026","93.120","93.920","93.920","93.100","-0.66%"
"03/19/2026","93.740","93.740","93.850","93.370","-0.30%"
"03/18/2026","94.020","94.500","94.520","93.950","-0.27%"
"03/17/2026","94.270","94.180","94.430","94.170","0.14%"
"03/16/2026","94.140","93.990","94.320","93.970","0.27%"
"03/13/2026","93.890","93.870","94.180","93.870","-0.23%"
"03/12/2026","94.110","94.180","94.330","93.920","-0.21%"
"03/11/2026","94.310","94.690","94.690","94.270","-0.67%"
"03/10/2026","94.950","95.040","95.040","94.720","0.56%"
"03/09/2026","94.420","93.820","94.500","93.720","0.01%"
"03/06/2026","94.410","94.910","94.910","94.180","-0.41%"
"03/05/2026","94.800","95.210","95.330","94.800","-0.68%"
"03/04/2026","95.450","95.200","95.450","95.120","0.37%"
"03/03/2026","95.100","95.450","95.450","94.980","-0.68%"
"03/02/2026","95.750","96.050","96.050","95.710","-0.37%"
"02/27/2026","96.110","95.990","96.110","95.940","0.14%"
"02/26/2026","95.980","95.960","96.030","95.910","0.00%"
"02/25/2026","95.980","95.940","95.980","95.900","0.04%"
"02/24/2026","95.940","95.940","95.960","95.890","0.03%"
"02/23/2026","95.910","95.840","95.920","95.810","0.13%"
"02/20/2026","95.790","95.830","95.830","95.750","-0.02%"
"02/19/2026","95.810","95.750","95.810","95.710","-0.04%"
"02/18/2026","95.850","95.810","95.860","95.770","0.04%"
"02/17/2026","95.810","95.870","95.870","95.800","0.04%"
"02/16/2026","95.770","95.850","95.860","95.720","0.01%"
"02/13/2026","95.760","95.740","95.820","95.700","0.06%"
"02/12/2026","95.700","95.600","95.720","95.600","0.04%"
"02/11/2026","95.660","95.670","95.670","95.510","0.03%"
"02/10/2026","95.630","95.550","95.630","95.510","0.13%"
"02/09/2026","95.510","95.440","95.520","95.370","0.10%"
"02/06/2026","95.410","95.430","95.480","95.380","0.06%"
"02/05/2026","95.350","95.310","95.380","95.250","-0.01%"
"02/04/2026","95.360","95.300","95.370","95.280","0.12%"
"02/03/2026","95.250","95.290","95.290","95.210","-0.04%"
"02/02/2026","95.290","95.390","95.440","95.270","-0.14%"
"01/30/2026","95.420","95.410","95.450","95.350","-0.05%"
"01/29/2026","95.470","95.400","95.470","95.350","0.09%"
"01/28/2026","95.380","95.380","95.440","95.350","0.08%"
"01/27/2026","95.300","95.250","95.320","95.200","0.03%"
"01/26/2026","95.270","95.170","95.280","95.120","0.16%"
"01/23/2026","95.120","95.120","95.140","95.040","0.01%"
"01/22/2026","95.110","95.080","95.190","95.080","0.02%"
"01/21/2026","95.090","95.260","95.310","95.080","-0.09%"
"01/20/2026","95.180","95.180","95.200","95.030","-0.06%"
"01/19/2026","95.240","95.270","95.290","95.210","0.09%"
"01/16/2026","95.150","95.250","95.260","95.140","-0.16%"
"01/15/2026","95.300","95.240","95.300","95.180","0.08%"
"01/14/2026","95.220","95.170","95.250","95.110","0.11%"
"01/13/2026","95.120","95.120","95.150","95.060","-0.04%"
"01/12/2026","95.160","95.100","95.190","95.050","0.06%"
"01/09/2026","95.100","95.070","95.230","95.040","0.06%"
"01/08/2026","95.040","95.030","95.040","94.950","-0.02%"
"01/07/2026","95.060","95.180","95.180","95.050","0.11%"
"01/06/2026","94.960","94.830","95.030","94.810","0.13%"
"01/05/2026","94.840","94.700","94.840","94.700","0.14%"
"01/02/2026","94.710","94.770","95.470","94.610","-0.21%"
"12/30/2025","94.910","95.000","95.000","94.880","-0.12%"
"12/29/2025","95.020","94.830","95.020","94.820","0.32%"
"12/23/2025","94.720","94.720","94.790","94.670","0.13%"
"12/22/2025","94.600","94.660","94.730","94.540","-0.08%"
"12/19/2025","94.680","94.810","94.830","94.650","-0.15%"
"12/18/2025","94.820","94.780","94.860","94.630","0.16%"
"12/17/2025","94.670","94.860","94.860","94.670","-0.07%"
"12/16/2025","94.740","94.650","94.750","94.650","0.10%"
"12/15/2025","94.650","94.670","94.720","94.620","0.10%"
"12/12/2025","94.560","94.650","94.660","94.500","-0.06%"
"12/11/2025","94.620","94.500","94.620","94.490","0.10%"
"12/10/2025","94.530","94.510","94.530","94.280","-0.03%"
"12/09/2025","94.560","94.450","94.570","94.360","0.06%"
"12/08/2025","94.500","94.820","94.820","94.460","-0.43%"
"12/05/2025","94.910","94.980","95.020","94.900","-0.07%"
"12/04/2025","94.980","95.110","95.140","94.960","-0.17%"
"12/03/2025","95.140","95.040","95.160","95.040","0.14%"
"12/02/2025","95.010","95.070","95.070","94.980","-0.04%"
"12/01/2025","95.050","95.200","95.220","95.030","-0.23%"
"11/28/2025","95.270","95.290","95.350","95.220","-0.03%"
"11/27/2025","95.300","95.360","95.370","95.240","-0.04%"
"11/26/2025","95.340","95.250","95.340","95.210","0.05%"
"11/25/2025","95.290","95.140","95.300","95.120","0.17%"
"11/24/2025","95.130","95.210","95.220","95.100","0.01%"
"11/21/2025","95.120","95.130","95.240","95.120","0.01%"
"11/20/2025","95.110","95.130","95.130","94.970","0.00%"
"11/19/2025","95.110","95.100","95.240","95.090","0.03%"
"11/18/2025","95.080","95.100","95.170","95.080","-0.24%"
"11/17/2025","95.310","94.990","95.310","94.990","0.28%"
"11/14/2025","95.040","95.040","95.080","95.000","-0.11%"
"11/13/2025","95.140","95.330","95.400","95.140","-0.24%"
"11/12/2025","95.370","95.250","95.370","95.190","0.08%"
"11/11/2025","95.290","95.220","95.300","95.200","0.03%"
"11/10/2025","95.260","95.120","95.270","95.110","0.12%"
"11/07/2025","95.150","95.170","95.200","95.130","-0.05%"
"11/06/2025","95.200","95.210","95.260","95.170","0.02%"
"11/05/2025","95.180","95.320","95.330","95.180","-0.13%"
"11/04/2025","95.300","95.260","95.320","95.260","0.03%"
"11/03/2025","95.270","95.330","95.370","95.260","-0.05%"
"10/31/2025","95.320","95.250","95.330","95.210","0.03%"
"10/30/2025","95.290","95.250","95.290","95.120","-0.08%"
"10/29/2025","95.370","95.360","95.370","95.290","0.08%"
"10/28/2025","95.290","95.300","95.350","95.270","-0.01%"
"10/27/2025","95.300","95.180","95.310","95.180","0.06%"
"10/24/2025","95.240","95.470","95.490","95.240","-0.22%"
"10/23/2025","95.450","95.530","95.530","95.450","-0.10%"
"10/22/2025","95.550","95.600","95.610","95.510","0.01%"
"10/21/2025","95.540","95.500","95.560","95.450","0.08%"
"10/20/2025","95.460","95.400","95.460","95.350","0.01%"
"10/17/2025","95.450","95.590","95.630","95.430","-0.07%"
"10/16/2025","95.520","95.370","95.520","95.370","0.07%"
"10/15/2025","95.450","95.350","95.460","95.280","0.24%"
"10/14/2025","95.220","95.160","95.250","95.160","0.11%"
"10/13/2025","95.120","95.000","95.120","94.930","0.15%"
"10/10/2025","94.980","94.830","95.020","94.760","0.24%"
"10/09/2025","94.750","94.870","94.890","94.750","-0.13%"
"10/08/2025","94.870","94.720","94.880","94.720","0.29%"
"10/07/2025","94.600","94.620","94.620","94.530","-0.04%"
"10/06/2025","94.640","94.650","94.660","94.530","-0.03%"
"10/03/2025","94.670","94.670","94.720","94.640","0.00%"
"10/02/2025","94.670","94.700","94.730","94.580","-0.03%"
"10/01/2025","94.700","94.520","94.760","94.460","0.11%"
"09/30/2025","94.600","94.610","94.660","94.520","0.05%"
"09/29/2025","94.550","94.550","94.580","94.490","0.12%"
"09/26/2025","94.440","94.360","94.500","94.290","0.16%"
"09/25/2025","94.290","94.450","94.530","94.250","-0.23%"
"09/24/2025","94.510","94.590","94.590","94.500","-0.04%"
"09/23/2025","94.550","94.700","94.700","94.550","-0.12%"
"09/22/2025","94.660","94.630","94.690","94.600","0.05%"
"09/19/2025","94.610","94.640","94.660","94.590","-0.08%"
"09/18/2025","94.690","94.870","94.880","94.650","-0.12%"
"09/17/2025","94.800","94.870","94.870","94.770","0.00%"
"09/16/2025","94.800","94.790","94.840","94.710","-0.01%"
"09/15/2025","94.810","94.660","94.810","94.640","0.18%"
"09/12/2025","94.640","94.770","94.820","94.570","-0.15%"
"09/11/2025","94.780","94.870","95.000","94.730","-0.12%"
"09/10/2025","94.890","94.900","94.940","94.800","-0.01%"
"09/09/2025","94.900","94.960","94.960","94.850","-0.09%"
"09/08/2025","94.990","94.810","95.000","94.810","0.16%"
"09/05/2025","94.840","94.660","94.900","94.580","0.35%"
"09/04/2025","94.510","94.410","94.590","94.410","0.14%"
"09/03/2025","94.380","94.200","94.400","94.110","0.27%"
"09/02/2025","94.130","94.300","94.300","94.060","-0.25%"
"09/01/2025","94.370","94.450","94.470","94.350","-0.14%"
"08/29/2025","94.500","94.660","94.660","94.500","-0.12%"
"08/28/2025","94.610","94.610","94.660","94.500","0.06%"
"08/27/2025","94.550","94.560","94.620","94.460","0.02%"
"08/26/2025","94.530","94.480","94.540","94.410","0.14%"
"08/25/2025","94.400","94.610","94.610","94.350","-0.27%"
"08/22/2025","94.660","94.420","94.660","94.370","0.24%"
"08/21/2025","94.430","94.690","94.690","94.390","-0.27%"
"08/20/2025","94.690","94.560","94.700","94.550","0.17%"
"08/19/2025","94.530","94.490","94.550","94.460","0.04%"
"08/18/2025","94.490","94.430","94.610","94.430","-0.28%"
"08/14/2025","94.760","94.930","94.970","94.750","-0.09%"
"08/13/2025","94.850","94.690","94.850","94.690","0.27%"
"08/12/2025","94.590","94.670","94.700","94.450","-0.08%"
"08/11/2025","94.670","94.730","94.810","94.620","-0.02%"
"08/08/2025","94.690","94.910","94.920","94.650","-0.25%"
"08/07/2025","94.930","94.920","94.990","94.820","-0.01%"
"08/06/2025","94.940","94.890","94.990","94.890","-0.04%"
"08/05/2025","94.980","94.960","95.010","94.910","0.09%"
"08/04/2025","94.890","94.670","94.930","94.590","0.22%"
"08/01/2025","94.680","94.370","94.810","94.350","0.13%"
"07/31/2025","94.560","94.560","94.580","94.460","0.08%"
"07/30/2025","94.480","94.510","94.600","94.400","-0.16%"
"07/29/2025","94.630","94.610","94.670","94.520","0.00%"
"07/28/2025","94.630","94.440","94.650","94.440","0.26%"
"07/25/2025","94.380","94.300","94.380","94.090","-0.14%"
"07/24/2025","94.510","94.820","94.830","94.490","-0.62%"
"07/23/2025","95.100","95.010","95.100","94.950","0.02%"
"07/22/2025","95.080","94.930","95.080","94.890","0.06%"
"07/21/2025","95.020","94.750","95.020","94.750","0.44%"
"07/18/2025","94.600","94.550","94.600","94.470","-0.01%"
"07/17/2025","94.610","94.550","94.660","94.500","-0.01%"
"07/16/2025","94.620","94.400","94.620","94.370","0.20%"
"07/15/2025","94.430","94.420","94.620","94.420","0.14%"
"07/14/2025","94.300","94.370","94.400","94.280","-0.02%"
"07/11/2025","94.320","94.350","94.420","94.260","-0.10%"
"07/10/2025","94.410","94.640","94.640","94.410","-0.16%"
"07/09/2025","94.560","94.530","94.610","94.480","0.05%"
"07/08/2025","94.510","94.600","94.600","94.430","-0.20%"
"07/07/2025","94.700","94.940","94.940","94.660","-0.24%"
"07/04/2025","94.930","94.920","94.980","94.870","0.14%"
"07/03/2025","94.800","94.640","94.800","94.580","0.28%"
"07/02/2025","94.540","94.700","94.730","94.470","-0.27%"
"07/01/2025","94.800","94.760","94.990","94.740","0.06%"
"06/30/2025","94.740","94.660","94.810","94.630","0.18%"
"06/27/2025","94.570","94.790","94.790","94.550","-0.19%"
"06/26/2025","94.750","94.740","94.840","94.720","0.14%"
"06/25/2025","94.620","94.860","94.860","94.490","-0.08%"
"06/24/2025","94.700","94.730","94.730","94.550","0.16%"
"06/23/2025","94.550","94.280","94.550","94.280","0.05%"
"06/20/2025","94.500","94.600","94.600","94.390","0.08%"
"06/19/2025","94.420","94.490","94.560","94.420","-0.19%"
"06/18/2025","94.600","94.480","94.650","94.370","0.11%"
"06/17/2025","94.500","94.570","94.620","94.470","-0.17%"
"06/16/2025","94.660","94.430","94.730","94.290","0.19%"
"06/13/2025","94.480","94.770","94.800","94.460","-0.34%"
"06/12/2025","94.800","94.760","94.880","94.710","0.11%"
"06/11/2025","94.700","94.650","94.790","94.550","0.07%"
"06/10/2025","94.630","94.560","94.710","94.510","0.18%"
"06/09/2025","94.460","94.580","94.780","94.390","0.00%"
"06/06/2025","94.460","94.430","94.650","94.380","0.10%"
"06/05/2025","94.370","94.760","94.880","94.300","-0.36%"
"06/04/2025","94.710","94.820","94.850","94.610","-0.08%"
"06/03/2025","94.790","94.840","94.920","94.750","0.01%"
"06/02/2025","94.780","94.720","94.780","94.540","0.02%"
"05/30/2025","94.760","94.760","94.770","94.600","0.04%"
"05/29/2025","94.720","94.410","94.720","94.320","0.19%"
"05/28/2025","94.540","94.450","94.580","94.380","0.05%"
"05/27/2025","94.490","94.570","94.600","94.400","0.05%"
"05/26/2025","94.440","94.280","94.460","94.190","0.13%"
"05/23/2025","94.320","94.220","94.410","94.070","0.24%"
"05/22/2025","94.090","94.060","94.150","93.950","0.02%"
"05/21/2025","94.070","94.140","94.170","93.840","-0.22%"
"05/20/2025","94.280","94.240","94.360","94.130","0.04%"
"05/19/2025","94.240","94.130","94.280","93.890","0.06%"
"05/16/2025","94.180","94.160","94.260","94.070","0.20%"
"05/15/2025","93.990","93.680","93.990","93.650","0.38%"
"05/14/2025","93.630","93.660","93.840","93.630","-0.09%"
"05/13/2025","93.710","93.730","93.810","93.640","-0.10%"
"05/12/2025","93.800","94.050","94.080","93.750","-0.49%"
"05/09/2025","94.260","94.240","94.260","94.050","-0.15%"
"05/08/2025","94.400","94.520","94.570","94.360","-0.12%"
"05/07/2025","94.510","94.200","94.520","94.170","0.30%"
"05/06/2025","94.230","94.180","94.230","94.080","0.02%"
"05/05/2025","94.210","94.150","94.240","94.100","0.02%"
"05/02/2025","94.190","94.310","94.390","94.190","-0.28%"
"04/30/2025","94.450","94.260","94.450","94.260","0.21%"
"04/29/2025","94.250","94.250","94.300","94.100","0.01%"
"04/28/2025","94.240","94.280","94.280","94.100","-0.02%"
"04/25/2025","94.260","94.440","94.450","94.240","-0.23%"
"04/24/2025","94.480","94.080","94.480","94.080","0.46%"
"04/23/2025","94.050","94.100","94.200","93.970","-0.14%"
"04/22/2025","94.180","94.010","94.180","93.940","0.19%"
"04/17/2025","94.000","93.700","94.000","93.480","0.30%"
"04/16/2025","93.720","93.660","93.740","93.600","0.24%"
"04/15/2025","93.500","93.680","93.690","93.470","-0.16%"
"04/14/2025","93.650","93.290","93.650","93.260","0.59%"
"04/11/2025","93.100","93.050","93.230","92.870","-0.02%"
"04/10/2025","93.120","92.750","93.130","92.750","0.13%"
"04/09/2025","93.000","92.630","93.050","92.590","0.10%"
"04/08/2025","92.910","93.080","93.220","92.810","-0.16%"
"04/07/2025","93.060","93.320","93.530","93.000","-0.27%"
"04/04/2025","93.310","93.320","93.610","93.290","0.12%"
"04/03/2025","93.200","93.190","93.220","93.050","0.44%"
"04/02/2025","92.790","92.960","93.020","92.790","-0.14%"
"04/01/2025","92.920","92.770","93.050","92.770","0.23%"
"03/31/2025","92.710","92.890","92.890","92.710","0.01%"
"03/28/2025","92.700","92.760","92.760","92.610","0.18%"
"03/27/2025","92.530","92.460","92.560","92.420","0.25%"
"03/26/2025","92.300","92.380","92.420","92.300","-0.03%"
"03/25/2025","92.330","92.350","92.370","92.170","-0.04%"
"03/24/2025","92.370","92.280","92.400","92.260","0.02%"
"03/21/2025","92.350","92.210","92.350","92.160","0.21%"
"03/20/2025","92.160","92.240","92.320","92.130","0.09%"
"03/19/2025","92.080","92.230","92.230","92.020","0.04%"
"03/18/2025","92.040","92.050","92.050","91.950","-0.09%"
"03/17/2025","92.120","91.770","92.120","91.720","0.37%"
"03/14/2025","91.780","91.780","91.780","91.540","0.04%"
"03/13/2025","91.740","91.710","91.800","91.540","0.05%"
"03/12/2025","91.690","91.660","91.760","91.550","-0.01%"
"03/11/2025","91.700","91.800","91.810","91.640","-0.12%"
"03/10/2025","91.810","91.800","91.950","91.800","0.03%"
"03/07/2025","91.780","91.620","92.060","91.610","0.34%"
"03/06/2025","91.470","91.460","91.760","91.400","-0.47%"
"03/05/2025","91.900","92.730","92.840","91.800","-1.49%"
"03/04/2025","93.290","93.420","93.540","93.290","0.04%"
"03/03/2025","93.250","93.460","93.580","93.160","-0.31%"
"02/28/2025","93.540","93.500","93.590","93.440","0.11%"
"02/27/2025","93.440","93.380","93.440","93.220","0.07%"
"02/26/2025","93.370","93.150","93.390","93.150","0.20%"
"02/25/2025","93.180","93.040","93.190","93.000","0.25%"
"02/24/2025","92.950","92.960","93.050","92.860","-0.02%"
"02/21/2025","92.970","92.740","92.980","92.740","0.33%"
"02/20/2025","92.660","92.610","92.670","92.550","0.11%"
"02/19/2025","92.560","92.900","92.910","92.500","-0.42%"
"02/18/2025","92.950","92.880","93.000","92.860","-0.02%"
"02/17/2025","92.970","92.790","92.970","92.730","-0.12%"
"02/14/2025","93.080","93.180","93.180","93.000","-0.20%"
"02/13/2025","93.270","92.900","93.270","92.900","0.47%"
"02/12/2025","92.830","93.020","93.090","92.780","-0.19%"
"02/11/2025","93.010","93.300","93.310","92.960","-0.44%"
"02/10/2025","93.420","93.330","93.450","93.280","0.18%"
"02/07/2025","93.250","93.420","93.460","93.160","-0.18%"
"02/06/2025","93.420","93.340","93.450","93.160","0.04%"
"02/05/2025","93.380","93.290","93.440","93.270","0.25%"
"02/04/2025","93.150","93.110","93.150","92.950","-0.02%"
"02/03/2025","93.170","92.900","93.210","92.890","0.30%"
"01/31/2025","92.890","92.620","92.890","92.570","0.41%"
"01/30/2025","92.510","92.390","92.640","92.350","0.25%"
"01/29/2025","92.280","92.420","92.480","92.260","0.05%"
"01/28/2025","92.230","92.280","92.370","92.220","-0.02%"
"01/27/2025","92.250","92.330","92.460","92.250","0.10%"
"01/24/2025","92.160","92.390","92.400","92.040","-0.11%"
"01/23/2025","92.260","92.500","92.540","92.200","-0.29%"
"01/22/2025","92.530","92.560","92.710","92.470","-0.03%"
"01/21/2025","92.560","92.450","92.570","92.310","0.15%"
"01/20/2025","92.420","92.390","92.440","92.180","0.13%"
"01/17/2025","92.300","92.350","92.480","92.290","-0.02%"
"01/16/2025","92.320","92.090","92.320","91.980","0.20%"
"01/15/2025","92.140","91.490","92.140","91.410","0.89%"
"01/14/2025","91.330","91.550","91.590","91.310","-0.03%"
"01/13/2025","91.360","91.480","91.480","91.220","-0.28%"
"01/10/2025","91.620","91.880","91.880","91.600","-0.41%"
"01/09/2025","92.000","91.970","92.120","91.910","-0.11%"
"01/08/2025","92.100","92.410","92.440","92.100","-0.24%"
"01/07/2025","92.320","92.550","92.590","92.320","-0.11%"
"01/06/2025","92.420","92.420","92.590","92.400","-0.06%"
"01/03/2025","92.480","92.920","92.920","92.450","-0.43%"
"01/02/2025","92.880","92.890","93.110","92.850","0.02%"
"12/30/2024","92.860","92.770","92.870","92.730","0.12%"
"12/27/2024","92.750","92.840","92.860","92.570","-0.16%"
"12/23/2024","92.900","92.910","93.080","92.900","-0.29%"
"12/20/2024","93.170","93.100","93.220","93.010","0.17%"
"12/19/2024","93.010","93.010","93.140","92.960","-0.34%"
"12/18/2024","93.330","93.370","93.440","93.300","-0.11%"
"12/17/2024","93.430","93.270","93.540","93.200","0.03%"
"12/16/2024","93.400","93.550","93.550","93.310","-0.06%"
"12/13/2024","93.460","93.640","93.650","93.450","-0.29%"
"12/12/2024","93.730","94.110","94.280","93.710","-0.63%"
"12/11/2024","94.320","94.260","94.420","94.150","0.10%"
"12/10/2024","94.230","94.050","94.300","94.010","0.03%"
"12/09/2024","94.200","94.200","94.290","94.050","0.16%"
"12/06/2024","94.050","93.980","94.180","93.910","0.00%"
"12/05/2024","94.050","94.120","94.280","94.050","-0.05%"
"12/04/2024","94.100","93.900","94.100","93.790","0.22%"
"12/03/2024","93.890","93.900","94.050","93.850","-0.06%"
"12/02/2024","93.950","93.810","94.060","93.800","0.16%"
"11/29/2024","93.800","93.480","93.820","93.450","0.37%"
"11/28/2024","93.450","93.190","93.450","93.080","0.44%"
"11/27/2024","93.040","93.030","93.070","92.810","0.15%"
"11/26/2024","92.900","92.800","93.000","92.800","-0.05%"
"11/25/2024","92.950","92.800","92.970","92.600","0.20%"
"11/22/2024","92.760","92.310","92.880","92.310","0.38%"
"11/21/2024","92.410","92.140","92.450","92.070","0.16%"
"11/20/2024","92.260","92.250","92.260","92.110","-0.08%"
"11/19/2024","92.330","92.400","92.510","92.150","0.12%"
"11/18/2024","92.220","92.280","92.280","91.930","-0.16%"
"11/15/2024","92.370","92.250","92.520","92.250","0.05%"
"11/14/2024","92.320","91.880","92.320","91.860","0.44%"
"11/13/2024","91.920","91.750","92.010","91.720","0.00%"
"11/12/2024","91.920","91.940","92.250","91.920","-0.21%"
"11/11/2024","92.110","91.960","92.120","91.880","0.38%"
"11/08/2024","91.760","91.700","91.810","91.590","0.35%"
"11/07/2024","91.440","91.490","91.510","91.060","-0.11%"
"11/06/2024","91.540","91.910","91.910","91.400","0.04%"
"11/05/2024","91.500","91.560","91.640","91.430","-0.14%"
"11/04/2024","91.630","91.720","91.720","91.550","-0.01%"
"11/01/2024","91.640","91.640","91.840","91.570","-0.05%"
"10/31/2024","91.690","91.610","91.730","91.330","-0.20%"
"10/30/2024","91.870","92.490","92.600","91.840","-0.55%"
"10/29/2024","92.380","92.750","92.750","92.380","-0.35%"
"10/28/2024","92.700","92.450","92.850","92.450","0.02%"
"10/25/2024","92.680","92.850","93.200","92.620","-0.30%"
"10/24/2024","92.960","92.780","93.000","92.770","0.44%"
"10/23/2024","92.550","92.500","92.620","92.500","0.13%"
"10/22/2024","92.430","92.500","92.580","92.320","-0.18%"
"10/21/2024","92.600","93.270","93.280","92.600","-0.88%"
"10/18/2024","93.420","93.090","93.420","93.090","0.30%"
"10/17/2024","93.140","93.030","93.290","92.920","0.06%"
"10/16/2024","93.080","92.930","93.080","92.810","0.36%"
"10/15/2024","92.750","92.560","92.750","92.500","0.48%"
"10/14/2024","92.310","92.300","92.350","92.240","0.12%"
"10/11/2024","92.200","92.310","92.320","92.000","-0.11%"
"10/10/2024","92.300","92.150","92.300","92.000","0.08%"
"10/09/2024","92.230","92.350","92.380","92.210","-0.07%"
"10/08/2024","92.290","92.220","92.290","92.090","0.15%"
"10/07/2024","92.150","92.420","92.480","92.150","-0.32%"
"10/04/2024","92.450","92.760","92.830","92.450","-0.42%"
"10/03/2024","92.840","93.050","93.050","92.780","-0.23%"
"10/02/2024","93.050","93.260","93.260","92.980","-0.26%"
"10/01/2024","93.290","92.990","93.450","92.990","0.43%"
"09/30/2024","92.890","92.860","92.970","92.640","-0.05%"
"09/27/2024","92.940","93.030","93.130","92.820","0.10%"
"09/26/2024","92.850","92.660","93.050","92.660","0.38%"
"09/25/2024","92.500","92.810","92.840","92.490","-0.34%"
"09/24/2024","92.820","92.670","92.820","92.470","0.27%"
"09/23/2024","92.570","92.370","92.580","92.270","0.42%"
"09/20/2024","92.180","92.340","92.390","92.180","-0.15%"
"09/19/2024","92.320","92.180","92.320","92.140","0.16%"
"09/18/2024","92.170","92.450","92.470","92.140","-0.27%"
"09/17/2024","92.420","92.700","92.800","92.420","-0.16%"
"09/16/2024","92.570","92.470","92.590","92.410","0.11%"
"09/13/2024","92.470","92.480","92.490","92.340","0.23%"
"09/12/2024","92.260","92.360","92.510","92.250","-0.09%"
"09/11/2024","92.340","92.180","92.420","92.150","0.33%"
"09/10/2024","92.040","91.850","92.040","91.750","0.26%"
"09/09/2024","91.800","91.650","91.840","91.570","-0.07%"
"09/06/2024","91.860","91.860","92.000","91.770","0.16%"
"09/05/2024","91.710","91.680","91.830","91.530","0.11%"
"09/04/2024","91.610","91.220","91.670","91.180","0.55%"
"09/03/2024","91.110","90.970","91.140","90.820","0.14%"
"09/02/2024","90.980","90.860","90.990","90.780","-0.07%"
"08/30/2024","91.040","91.170","91.320","91.040","-0.15%"
"08/29/2024","91.180","91.150","91.450","91.120","-0.01%"
"08/28/2024","91.190","91.170","91.330","91.140","0.12%"
"08/27/2024","91.080","91.340","91.340","90.980","-0.38%"
"08/26/2024","91.430","91.590","91.590","91.330","-0.13%"
"08/23/2024","91.550","91.380","91.550","91.300","0.28%"
"08/22/2024","91.290","91.570","91.640","91.290","-0.21%"
"08/21/2024","91.480","91.300","91.480","91.280","0.18%"
"08/20/2024","91.320","91.200","91.320","91.120","0.22%"
"08/19/2024","91.120","91.180","91.300","91.090","0.08%"
"08/16/2024","91.050","91.200","91.220","91.050","-0.46%"
"08/14/2024","91.470","91.480","91.480","91.360","-0.03%"
"08/13/2024","91.500","91.080","91.500","91.080","0.43%"
"08/12/2024","91.110","91.050","91.110","90.960","0.02%"
"08/09/2024","91.090","90.980","91.100","90.980","0.33%"
"08/08/2024","90.790","90.940","90.980","90.730","0.03%"
"08/07/2024","90.760","91.010","91.010","90.680","-0.33%"
"08/06/2024","91.060","90.870","91.200","90.870","0.09%"
"08/05/2024","90.980","91.140","91.340","90.970","-0.21%"
"08/02/2024","91.170","91.000","91.310","90.960","0.13%"
"08/01/2024","91.050","91.040","91.060","90.850","0.18%"
"07/31/2024","90.890","90.790","90.910","90.740","0.22%"
"07/30/2024","90.690","90.670","90.710","90.560","0.15%"
"07/29/2024","90.550","90.480","90.710","90.410","0.28%"
"07/26/2024","90.300","90.020","90.370","90.000","0.11%"
"07/25/2024","90.200","90.190","90.340","90.060","0.11%"
"07/24/2024","90.100","90.250","90.300","90.090","-0.20%"
"07/23/2024","90.280","90.090","90.290","90.080","0.13%"
"07/22/2024","90.160","90.160","90.290","90.150","0.00%"
"07/19/2024","90.160","90.380","90.430","90.160","-0.38%"
"07/18/2024","90.500","90.400","90.510","90.270","0.14%"
"07/17/2024","90.370","90.460","90.530","90.280","-0.06%"
"07/16/2024","90.420","90.290","90.420","90.270","0.19%"
"07/15/2024","90.250","89.980","90.250","89.980","0.27%"
"07/12/2024","90.010","89.960","90.080","89.840","-0.10%"
"07/11/2024","90.100","89.560","90.110","89.560","0.51%"
"07/10/2024","89.640","89.390","89.640","89.390","0.61%"
"07/09/2024","89.100","89.270","89.360","89.100","-0.34%"
"07/08/2024","89.400","89.070","89.440","89.070","0.15%"
"07/05/2024","89.270","89.010","89.270","89.010","0.47%"
"07/04/2024","88.850","88.850","88.880","88.800","-0.08%"
"07/03/2024","88.920","88.680","88.920","88.620","0.42%"
"07/02/2024","88.550","88.340","88.670","88.240","0.25%"
"07/01/2024","88.330","88.650","88.650","88.330","-0.24%"
"06/28/2024","88.540","88.730","88.730","88.400","-0.11%"
"06/27/2024","88.640","88.780","88.780","88.600","-0.26%"
"06/26/2024","88.870","89.220","89.220","88.820","-0.31%"
"06/25/2024","89.150","89.140","89.240","89.090","0.07%"
"06/24/2024","89.090","89.130","89.190","89.060","0.00%"
"06/21/2024","89.090","89.160","89.310","89.070","0.22%"
"06/20/2024","88.890","88.750","88.990","88.750","-0.02%"
"06/19/2024","88.910","89.260","89.260","88.910","-0.37%"
"06/18/2024","89.240","88.960","89.340","88.930","0.37%"
"06/17/2024","88.910","89.170","89.170","88.890","-0.21%"
"06/14/2024","89.100","89.010","89.190","88.930","0.28%"
"06/13/2024","88.850","88.890","89.060","88.750","-0.18%"
"06/12/2024","89.010","88.400","89.020","88.320","0.84%"
"06/11/2024","88.270","88.210","88.270","87.780","0.07%"
"06/10/2024","88.210","88.460","88.460","88.140","-0.56%"
"06/07/2024","88.710","89.230","89.230","88.690","-0.59%"
"06/06/2024","89.240","89.610","89.610","89.150","-0.47%"
"06/05/2024","89.660","89.300","89.660","89.280","0.35%"
"06/04/2024","89.350","89.170","89.580","89.170","0.22%"
"06/03/2024","89.150","88.800","89.290","88.800","0.44%"
"05/31/2024","88.760","88.840","88.890","88.600","-0.05%"
"05/30/2024","88.800","88.590","88.800","88.540","0.23%"
"05/29/2024","88.600","88.870","89.000","88.600","-0.52%"
"05/28/2024","89.060","89.320","89.400","89.060","-0.38%"
"05/27/2024","89.400","89.090","89.450","88.980","0.34%"
"05/24/2024","89.100","89.100","89.140","88.870","0.07%"
"05/23/2024","89.040","89.470","89.470","88.980","-0.54%"
"05/22/2024","89.520","89.350","89.520","89.300","0.01%"
"05/21/2024","89.510","89.550","89.630","89.460","-0.04%"
"05/20/2024","89.550","89.450","89.570","89.420","0.00%"
"05/17/2024","89.550","89.750","89.780","89.550","-0.34%"
"05/16/2024","89.860","90.000","90.080","89.830","-0.12%"
"05/15/2024","89.970","89.260","89.970","89.260","0.95%"
"05/14/2024","89.120","89.300","89.320","89.060","-0.20%"
"05/13/2024","89.300","89.400","89.430","89.240","0.07%"
"05/10/2024","89.240","89.550","89.580","89.240","-0.18%"
"05/09/2024","89.400","89.410","89.470","89.260","-0.15%"
"05/08/2024","89.530","89.590","89.640","89.490","-0.17%"
"05/07/2024","89.680","89.590","89.760","89.490","0.22%"
"05/06/2024","89.480","89.640","89.820","89.480","0.11%"
"05/03/2024","89.380","89.250","89.690","89.150","0.26%"
"05/02/2024","89.150","89.090","89.310","89.020","0.29%"
"04/30/2024","88.890","89.200","89.200","88.820","-0.46%"
"04/29/2024","89.300","89.080","89.320","89.010","0.42%"
"04/26/2024","88.930","88.720","89.030","88.650","0.51%"
"04/25/2024","88.480","88.640","88.710","88.230","-0.15%"
"04/24/2024","88.610","89.080","89.080","88.570","-0.72%"
"04/23/2024","89.250","89.360","89.360","89.010","0.07%"
"04/22/2024","89.190","88.810","89.210","88.760","0.43%"
"04/19/2024","88.810","89.000","89.140","88.720","-0.06%"
"04/18/2024","88.860","89.160","89.210","88.860","-0.12%"
"04/17/2024","88.970","88.800","89.040","88.720","0.11%"
"04/16/2024","88.870","89.140","89.190","88.720","-0.45%"
"04/15/2024","89.270","89.620","89.690","89.250","-0.47%"
"04/12/2024","89.690","89.430","89.890","89.430","0.83%"
"04/11/2024","88.950","89.400","89.410","88.950","-0.65%"
"04/10/2024","89.530","89.790","90.100","89.350","-0.22%"
"04/09/2024","89.730","89.420","89.820","89.400","0.48%"
"04/08/2024","89.300","89.290","89.380","89.240","-0.13%"
"04/05/2024","89.420","89.830","89.830","89.420","-0.47%"
"04/04/2024","89.840","89.470","89.870","89.400","0.81%"
"04/03/2024","89.120","89.470","89.480","89.000","-0.39%"
"04/02/2024","89.470","89.660","89.870","89.280","-0.61%"
"03/28/2024","90.020","90.130","90.130","89.850","-0.31%"
"03/27/2024","90.300","90.160","90.300","90.140","0.30%"
"03/26/2024","90.030","89.910","90.140","89.890","0.20%"
"03/25/2024","89.850","90.140","90.180","89.790","-0.33%"
"03/22/2024","90.150","89.980","90.170","89.920","0.28%"
"03/21/2024","89.900","89.840","90.090","89.790","0.26%"
"03/20/2024","89.670","89.870","89.920","89.660","-0.10%"
"03/19/2024","89.760","89.780","89.860","89.680","-0.03%"
"03/18/2024","89.790","89.840","89.840","89.650","0.18%"
"03/15/2024","89.630","89.610","89.870","89.610","-0.27%"
"03/14/2024","89.870","90.300","90.620","89.870","-0.56%"
"03/13/2024","90.380","90.380","90.440","90.170","0.12%"
"03/12/2024","90.270","90.290","90.460","90.140","0.11%"
"03/11/2024","90.170","90.540","90.580","90.060","-0.23%"
"03/08/2024","90.380","90.300","90.490","90.210","0.18%"
"03/07/2024","90.220","89.950","90.500","89.770","0.32%"
"03/06/2024","89.930","89.680","89.930","89.580","0.29%"
"03/05/2024","89.670","89.230","89.720","89.210","0.66%"
"03/04/2024","89.080","88.680","89.090","88.680","0.24%"
"03/01/2024","88.870","88.880","88.950","88.600","-0.19%"
"02/29/2024","89.040","88.900","89.050","88.410","0.33%"
"02/28/2024","88.750","88.650","88.840","88.640","0.06%"
"02/27/2024","88.700","88.760","88.870","88.700","-0.09%"
"02/26/2024","88.780","89.210","89.290","88.720","-0.42%"
"02/23/2024","89.150","88.490","89.150","88.290","0.64%"
"02/22/2024","88.580","88.390","88.680","88.200","0.09%"
"02/21/2024","88.500","88.850","89.030","88.500","-0.56%"
"02/20/2024","89.000","88.830","89.050","88.790","0.29%"
"02/19/2024","88.740","88.870","88.960","88.720","-0.17%"
"02/16/2024","88.890","88.970","89.000","88.720","-0.20%"
"02/15/2024","89.070","89.240","89.330","89.070","0.16%"
"02/14/2024","88.930","88.590","88.930","88.590","0.37%"
"02/13/2024","88.600","88.740","89.060","88.440","-0.15%"
"02/12/2024","88.730","88.590","88.850","88.560","0.29%"
"02/09/2024","88.470","88.570","88.680","88.380","-0.21%"
"02/08/2024","88.660","88.890","89.050","88.650","-0.34%"
"02/07/2024","88.960","89.170","89.180","88.960","-0.16%"
"02/06/2024","89.100","89.100","89.140","88.870","0.25%"
"02/05/2024","88.880","89.100","89.200","88.820","-0.58%"
"02/02/2024","89.400","89.610","89.850","89.240","-0.52%"
"02/01/2024","89.870","89.620","89.870","89.450","0.06%"
"01/31/2024","89.820","89.780","89.870","89.460","0.56%"
"01/30/2024","89.320","89.880","89.880","89.250","-0.45%"
"01/29/2024","89.720","89.510","89.750","89.460","0.50%"
"01/26/2024","89.270","89.510","89.530","89.150","0.06%"
"01/25/2024","89.220","88.750","89.230","88.530","0.43%"
"01/24/2024","88.840","88.990","89.150","88.780","0.10%"
"01/23/2024","88.750","88.860","88.960","88.710","-0.36%"
"01/22/2024","89.070","88.890","89.160","88.890","0.28%"
"01/19/2024","88.820","88.690","89.020","88.650","0.16%"
"01/18/2024","88.680","88.770","88.830","88.630","0.09%"
"01/17/2024","88.600","88.810","89.060","88.510","-0.82%"
"01/16/2024","89.330","89.410","89.530","89.200","-0.13%"
"01/15/2024","89.450","89.490","89.530","89.260","-1.15%"
"01/12/2024","90.490","89.450","90.490","89.390","1.49%"
"01/11/2024","89.160","89.120","89.400","88.970","0.24%"
"01/10/2024","88.950","88.990","89.250","88.950","0.08%"
"01/09/2024","88.880","88.790","89.070","88.750","-0.30%"
"01/08/2024","89.150","88.760","89.150","88.610","0.07%"
"01/05/2024","89.090","89.100","89.270","88.650","-0.18%"
"01/04/2024","89.250","90.000","90.000","89.100","-0.59%"
"01/03/2024","89.780","89.500","89.780","89.400","-0.04%"
"01/02/2024","89.820","89.760","89.910","89.500","-0.11%"
"12/29/2023","89.920","90.500","90.500","89.880","-0.62%"
"12/28/2023","90.480","91.090","91.090","90.410","-0.46%"
"12/27/2023","90.900","90.690","91.040","90.670","0.31%"
"12/22/2023","90.620","90.360","90.710","90.230","0.21%"
"12/21/2023","90.430","90.300","90.580","90.240","-0.02%"
"12/20/2023","90.450","90.090","90.450","90.090","0.42%"
"12/19/2023","90.070","89.670","90.090","89.550","0.68%"
"12/18/2023","89.460","89.400","89.740","89.340","-0.10%"
"12/15/2023","89.550","89.160","89.730","89.160","0.39%"
"12/14/2023","89.200","89.270","89.540","88.950","0.90%"
"12/13/2023","88.400","88.030","88.400","88.020","0.52%"
"12/12/2023","87.940","88.190","88.190","87.800","0.24%"
"12/11/2023","87.730","87.800","87.820","87.670","-0.09%"
"12/08/2023","87.810","88.290","88.290","87.740","-0.68%"
"12/07/2023","88.410","88.280","88.480","88.230","0.20%"
"12/06/2023","88.230","88.250","88.330","87.860","0.12%"
"12/05/2023","88.120","87.930","88.160","87.760","0.64%"
"12/04/2023","87.560","87.670","87.760","87.440","-0.15%"
"12/01/2023","87.690","86.860","87.690","86.860","1.05%"
"11/30/2023","86.780","87.150","87.220","86.680","-0.30%"
"11/29/2023","87.040","86.920","87.110","86.760","-0.05%"
"11/28/2023","87.080","86.460","87.080","86.100","0.89%"
"11/27/2023","86.310","85.830","86.330","85.780","0.70%"
"11/24/2023","85.710","85.610","85.790","85.610","-0.06%"
"11/23/2023","85.760","86.130","86.130","85.760","-0.48%"
"11/22/2023","86.170","86.200","86.450","86.000","0.02%"
"11/21/2023","86.150","86.270","86.300","86.140","0.08%"
"11/20/2023","86.080","86.250","86.250","85.930","0.09%"
"11/17/2023","86.000","86.250","86.530","86.000","-0.07%"
"11/16/2023","86.060","85.680","86.140","85.660","0.61%"
"11/15/2023","85.540","85.720","85.800","85.450","-0.11%"
"11/14/2023","85.630","85.000","85.630","84.780","0.99%"
"11/13/2023","84.790","84.940","85.060","84.760","0.02%"
"11/10/2023","84.770","84.920","84.920","84.580","-0.40%"
"11/09/2023","85.110","85.210","85.240","85.020","-0.09%"
"11/08/2023","85.190","84.890","85.230","84.850","0.25%"
"11/07/2023","84.980","84.510","84.980","84.510","0.50%"
"11/06/2023","84.560","85.000","85.000","84.560","-0.80%"
"11/03/2023","85.240","84.750","85.290","84.660","0.74%"
"11/02/2023","84.610","84.390","85.050","84.380","0.42%"
"11/01/2023","84.260","83.660","84.270","83.590","0.47%"
"10/31/2023","83.870","83.920","84.050","83.840","0.10%"
"10/30/2023","83.790","83.710","83.890","83.510","0.52%"
"10/27/2023","83.360","83.190","83.440","83.060","0.40%"
"10/26/2023","83.030","82.480","83.200","82.480","0.36%"
"10/25/2023","82.730","83.120","83.120","82.690","-0.40%"
"10/24/2023","83.060","83.260","83.460","83.010","0.06%"
"10/23/2023","83.010","82.730","83.010","82.420","0.40%"
"10/20/2023","82.680","82.600","82.770","82.450","0.32%"
"10/19/2023","82.420","82.000","82.420","82.000","0.32%"
"10/18/2023","82.160","82.570","82.610","82.160","-1.57%"
"10/17/2023","83.470","83.080","83.470","82.530","0.17%"
"10/16/2023","83.330","83.240","83.330","83.080","0.23%"
"10/13/2023","83.140","83.420","83.590","83.140","-0.34%"
"10/12/2023","83.420","83.940","83.940","83.320","-0.38%"
"10/11/2023","83.740","83.470","83.860","83.380","0.24%"
"10/10/2023","83.540","83.120","83.540","82.960","0.67%"
"10/09/2023","82.980","82.730","82.980","82.430","0.63%"
"10/06/2023","82.460","82.510","82.640","82.300","-0.40%"
"10/05/2023","82.790","82.610","82.800","82.460","0.24%"
"10/04/2023","82.590","82.130","82.590","82.130","0.05%"
"10/03/2023","82.550","83.040","83.040","82.550","-0.51%"
"10/02/2023","82.970","83.110","83.270","82.920","-0.24%"
"09/29/2023","83.170","83.000","83.310","82.870","1.03%"
"09/28/2023","82.320","82.870","82.920","82.240","-0.99%"
"09/27/2023","83.140","83.400","83.600","83.090","-0.37%"
"09/26/2023","83.450","83.580","83.680","83.410","-0.30%"
"09/25/2023","83.700","83.920","84.010","83.600","-0.29%"
"09/22/2023","83.940","84.180","84.410","83.940","-0.25%"
"09/21/2023","84.150","84.390","84.390","84.000","-0.46%"
"09/20/2023","84.540","84.410","84.600","84.310","0.33%"
"09/19/2023","84.260","84.280","84.510","84.260","-0.04%"
"09/18/2023","84.290","84.470","84.560","84.230","-0.41%"
"09/15/2023","84.640","84.900","84.900","84.600","-0.65%"
"09/14/2023","85.190","84.600","85.310","84.550","0.75%"
"09/13/2023","84.560","84.750","84.750","84.360","-0.48%"
"09/12/2023","84.970","84.970","85.070","84.900","0.06%"
"09/11/2023","84.920","85.120","85.160","84.890","-0.34%"
"09/08/2023","85.210","85.410","85.410","85.160","-0.01%"
"09/07/2023","85.220","84.990","85.230","84.870","0.37%"
"09/06/2023","84.910","85.030","85.350","84.890","-0.49%"
"09/05/2023","85.330","85.350","85.410","85.270","-0.12%"
"09/04/2023","85.430","85.790","85.790","85.430","-0.59%"
"09/01/2023","85.940","86.160","86.400","85.900","-0.51%"
"08/31/2023","86.380","85.960","86.410","85.960","0.42%"
"08/30/2023","86.020","85.810","86.050","85.650","-0.06%"
"08/29/2023","86.070","85.920","86.080","85.760","0.44%"
"08/28/2023","85.690","85.800","85.800","85.550","-0.08%"
"08/25/2023","85.760","85.960","86.040","85.760","-0.31%"
"08/24/2023","86.030","86.480","86.480","86.020","-0.02%"
"08/23/2023","86.050","85.410","86.050","85.410","0.96%"
"08/22/2023","85.230","85.160","85.250","85.070","0.40%"
"08/21/2023","84.890","85.030","85.290","84.890","-0.39%"
"08/18/2023","85.220","85.150","85.370","85.150","0.53%"
"08/17/2023","84.770","84.790","84.890","84.770","-0.34%"
"08/16/2023","85.060","85.120","85.160","85.050","-0.54%"
"08/14/2023","85.520","85.610","85.810","85.420","-0.12%"
"08/11/2023","85.620","85.970","86.050","85.610","-0.60%"
"08/10/2023","86.140","86.210","86.280","86.030","-0.07%"
"08/09/2023","86.200","86.350","86.430","86.090","0.05%"
"08/08/2023","86.160","85.980","86.250","85.980","0.62%"
"08/07/2023","85.630","85.680","85.800","85.300","-0.07%"
"08/04/2023","85.690","85.440","85.860","85.200","0.01%"
"08/03/2023","85.680","85.810","85.810","85.460","-0.46%"
"08/02/2023","86.080","86.010","86.310","85.970","0.20%"
"08/01/2023","85.910","86.500","86.500","85.910","-0.53%"
"07/31/2023","86.370","86.190","86.430","86.100","-0.02%"
"07/28/2023","86.390","86.070","86.500","86.060","0.13%"
"07/27/2023","86.280","86.430","86.620","86.140","-0.14%"
"07/26/2023","86.400","86.410","86.430","86.190","0.02%"
"07/25/2023","86.380","86.430","86.550","86.310","-0.38%"
"07/24/2023","86.710","86.350","86.740","86.350","0.48%"
"07/21/2023","86.300","86.150","86.370","86.130","0.15%"
"07/20/2023","86.170","86.330","86.440","86.130","-0.34%"
"07/19/2023","86.460","87.120","87.120","86.450","-0.28%"
"07/18/2023","86.700","86.090","86.790","86.060","1.10%"
"07/17/2023","85.760","85.770","85.940","85.690","-0.01%"
"07/14/2023","85.770","85.900","85.980","85.710","-0.14%"
"07/13/2023","85.890","85.420","86.120","85.420","1.21%"
"07/12/2023","84.860","84.480","85.210","84.480","0.57%"
"07/11/2023","84.380","84.840","84.840","84.370","-0.28%"
"07/10/2023","84.620","84.790","84.790","84.500","-0.25%"
"07/07/2023","84.830","84.610","84.890","84.450","0.30%"
"07/06/2023","84.580","85.400","85.510","84.550","-1.51%"
"07/05/2023","85.880","85.420","85.880","85.420","0.63%"
"07/04/2023","85.340","85.750","85.750","85.200","-0.36%"
"07/03/2023","85.650","86.160","86.160","85.650","-0.46%"
"06/30/2023","86.050","85.840","86.060","85.700","0.21%"
"06/29/2023","85.870","86.400","86.430","85.870","-0.80%"
"06/28/2023","86.560","86.550","86.720","86.380","0.00%"
"06/27/2023","86.560","86.710","86.840","86.560","-0.28%"
"06/26/2023","86.800","86.560","86.950","86.560","0.28%"
"06/23/2023","86.560","86.570","86.700","86.480","0.89%"
"06/22/2023","85.800","86.140","86.200","85.800","-0.44%"
"06/21/2023","86.180","86.070","86.280","86.050","-0.22%"
"06/20/2023","86.370","86.160","86.370","86.030","0.49%"
"06/19/2023","85.950","86.420","86.420","85.830","-0.64%"
"06/16/2023","86.500","85.660","86.500","85.660","0.80%"
"06/15/2023","85.810","85.900","86.000","85.570","-0.42%"
"06/14/2023","86.170","86.280","86.490","86.100","-0.38%"
"06/13/2023","86.500","86.650","86.900","86.410","-0.21%"
"06/12/2023","86.680","86.400","86.790","86.210","0.39%"
"06/09/2023","86.340","85.920","86.340","85.840","0.71%"
"06/08/2023","85.730","85.440","85.750","85.380","0.16%"
"06/07/2023","85.590","86.030","86.050","85.590","-0.35%"
"06/06/2023","85.890","85.960","86.390","85.880","-0.34%"
"06/05/2023","86.180","86.320","86.320","86.040","-0.50%"
"06/02/2023","86.610","86.380","86.610","86.370","0.24%"
"06/01/2023","86.400","85.880","86.400","85.730","0.47%"
"05/31/2023","86.000","85.770","86.040","85.770","0.73%"
"05/30/2023","85.380","84.810","85.380","84.810","0.77%"
"05/29/2023","84.730","84.320","84.740","84.320","0.80%"
"05/26/2023","84.060","84.050","84.340","83.820","-0.30%"
"05/25/2023","84.310","84.480","84.590","84.310","-0.22%"
"05/24/2023","84.500","84.330","84.700","84.280","0.00%"
"05/23/2023","84.500","84.510","84.600","84.390","-0.21%"
"05/22/2023","84.680","85.070","85.070","84.610","0.05%"
"05/19/2023","84.640","84.500","84.730","84.450","-0.09%"
"05/18/2023","84.720","85.100","85.120","84.620","-0.60%"
"05/17/2023","85.230","85.220","85.470","85.220","0.05%"
"05/16/2023","85.190","85.620","85.670","85.190","-0.13%"
"05/15/2023","85.300","85.350","85.530","85.220","-0.08%"
"05/12/2023","85.370","85.550","85.680","85.370","-0.43%"
"05/11/2023","85.740","85.380","85.860","85.110","0.67%"
"05/10/2023","85.170","84.900","85.330","84.650","0.37%"
"05/09/2023","84.860","85.210","85.230","84.800","-0.33%"
"05/08/2023","85.140","85.330","85.390","85.040","-0.34%"
"05/05/2023","85.430","85.780","85.780","85.330","-0.42%"
"05/04/2023","85.790","85.490","85.900","85.210","0.20%"
"05/03/2023","85.620","85.520","85.730","85.450","0.14%"
"05/02/2023","85.500","84.860","85.500","84.800","0.38%"
"04/28/2023","85.180","84.470","85.190","84.470","0.92%"
"04/27/2023","84.400","84.720","84.850","84.350","-0.79%"
"04/26/2023","85.070","85.070","85.150","84.940","0.28%"
"04/25/2023","84.830","84.280","84.950","84.280","0.92%"
"04/24/2023","84.060","84.660","84.700","84.060","-0.34%"
"04/21/2023","84.350","84.860","84.860","84.350","-0.37%"
"04/20/2023","84.660","84.590","84.660","84.220","0.37%"
"04/19/2023","84.350","84.320","84.510","84.270","-0.51%"
"04/18/2023","84.780","84.700","84.980","84.450","0.39%"
"04/17/2023","84.450","84.700","84.870","84.450","-0.42%"
"04/14/2023","84.810","84.990","85.190","84.790","-0.40%"
"04/13/2023","85.150","85.340","85.340","84.910","-0.02%"
"04/12/2023","85.170","85.390","85.880","84.980","-0.30%"
"04/11/2023","85.430","85.700","85.910","85.360","-1.01%"
"04/06/2023","86.300","86.210","86.600","86.200","0.01%"
"04/05/2023","86.290","85.430","86.290","85.380","0.84%"
"04/04/2023","85.570","85.610","85.720","85.210","-0.13%"
"04/03/2023","85.680","85.580","85.810","85.230","0.06%"
"03/31/2023","85.630","85.160","85.630","84.720","0.54%"
"03/30/2023","85.170","86.240","86.310","84.940","-0.76%"
"03/29/2023","85.820","85.820","86.100","85.720","-0.01%"
"03/28/2023","85.830","86.040","86.040","85.610","-0.72%"
"03/27/2023","86.450","86.390","86.590","86.130","-0.09%"
"03/24/2023","86.530","86.620","87.000","86.530","0.24%"
"03/23/2023","86.320","85.820","86.320","85.550","1.02%"
"03/22/2023","85.450","85.670","85.800","85.160","-1.23%"
"03/21/2023","86.510","86.780","86.780","85.950","-0.17%"
"03/20/2023","86.660","86.800","86.890","86.400","0.60%"
"03/17/2023","86.140","85.660","86.410","85.430","0.74%"
"03/16/2023","85.510","85.320","86.100","85.040","-0.34%"
"03/15/2023","85.800","84.310","85.810","84.200","1.54%"
"03/14/2023","84.500","85.390","85.470","84.230","-0.59%"
"03/13/2023","85.000","84.490","85.750","84.440","0.81%"
"03/10/2023","84.320","84.290","84.560","84.020","0.84%"
"03/09/2023","83.620","83.320","83.770","83.220","-0.11%"
"03/08/2023","83.710","82.940","83.710","82.810","0.94%"
"03/07/2023","82.930","83.380","83.500","82.660","-0.11%"
"03/06/2023","83.020","83.290","83.610","82.900","0.07%"
"03/03/2023","82.960","82.760","83.070","82.760","-0.61%"
"03/02/2023","83.470","82.550","83.470","82.500","0.76%"
"03/01/2023","82.840","83.140","83.440","82.710","-0.81%"
"02/28/2023","83.520","83.230","83.650","83.000","-0.36%"
"02/27/2023","83.820","84.000","84.020","83.650","0.16%"
"02/24/2023","83.690","84.500","84.570","83.470","-0.62%"
"02/23/2023","84.210","83.800","84.280","83.700","0.50%"
"02/22/2023","83.790","83.900","83.950","83.430","0.05%"
"02/21/2023","83.750","84.440","84.440","83.700","-1.09%"
"02/20/2023","84.670","84.870","84.870","84.670","-0.02%"
"02/17/2023","84.690","83.900","84.810","83.780","0.18%"
"02/16/2023","84.540","84.860","84.860","84.280","-0.09%"
"02/15/2023","84.620","85.270","85.350","84.620","-0.65%"
"02/14/2023","85.170","85.680","85.890","85.170","-0.28%"
"02/13/2023","85.410","85.210","85.550","85.030","0.08%"
"02/10/2023","85.340","85.480","85.590","85.250","-0.43%"
"02/09/2023","85.710","85.560","86.030","85.510","0.61%"
"02/08/2023","85.190","85.200","85.300","84.920","-0.43%"
"02/07/2023","85.560","85.680","85.750","85.400","-0.20%"
"02/06/2023","85.730","86.040","86.170","85.720","-0.95%"
"02/03/2023","86.550","86.970","87.060","86.400","-0.76%"
"02/02/2023","87.210","85.260","87.400","85.080","2.87%"
"02/01/2023","84.780","85.050","85.200","84.740","-0.07%"
"01/31/2023","84.840","84.930","85.070","84.610","0.28%"
"01/30/2023","84.600","85.200","85.200","84.550","-0.61%"
"01/27/2023","85.120","85.480","85.480","84.980","-0.58%"
"01/26/2023","85.620","86.000","86.200","85.620","-0.30%"
"01/25/2023","85.880","86.400","86.590","85.880","-0.35%"
"01/24/2023","86.180","85.890","86.180","85.690","0.48%"
"01/23/2023","85.770","85.730","86.010","85.480","-0.24%"
"01/20/2023","85.980","86.880","86.920","85.980","-1.29%"
"01/19/2023","87.100","87.310","87.570","86.610","-0.29%"
"01/18/2023","87.350","86.620","87.590","86.260","0.83%"
"01/17/2023","86.630","85.620","86.750","85.400","1.04%"
"01/16/2023","85.740","85.730","85.910","85.330","-0.19%"
"01/13/2023","85.900","86.010","86.500","85.900","0.09%"
"01/12/2023","85.820","85.640","86.240","85.500","0.48%"
"01/11/2023","85.410","84.680","85.560","84.620","1.03%"
"01/10/2023","84.540","84.320","84.560","84.210","-0.25%"
"01/09/2023","84.750","84.160","84.750","83.920","0.07%"
"01/06/2023","84.690","83.960","84.690","83.860","1.07%"
"01/05/2023","83.790","83.850","84.200","83.560","-0.39%"
"01/04/2023","84.120","83.800","84.120","83.600","1.34%"
"01/03/2023","83.010","82.490","83.220","82.220","0.56%"
"01/02/2023","82.550","81.960","82.630","81.960","0.92%"
"12/30/2022","81.800","82.400","82.400","81.800","-0.96%"
"12/29/2022","82.590","82.360","82.590","82.110","0.69%"
"12/28/2022","82.020","82.240","82.390","81.950","-0.18%"
"12/27/2022","82.170","82.670","82.680","82.000","-0.69%"
"12/23/2022","82.740","83.290","83.290","82.500","-0.23%"
"12/22/2022","82.930","83.170","83.510","82.730","-0.29%"
"12/21/2022","83.170","83.070","83.530","83.040","0.36%"
"12/20/2022","82.870","83.020","83.200","82.830","-0.79%"
"12/19/2022","83.530","83.760","83.830","83.340","-0.37%"
"12/16/2022","83.840","83.770","83.960","83.110","-1.05%"
"12/15/2022","84.730","86.320","86.440","84.500","-2.16%"
"12/14/2022","86.600","87.000","87.000","86.200","-0.46%"
"12/13/2022","87.000","86.690","87.460","86.490","0.24%"
"12/12/2022","86.790","86.850","87.010","86.570","0.03%"
"12/09/2022","86.760","87.200","87.320","86.580","-0.86%"
"12/08/2022","87.510","88.070","88.070","87.460","-0.51%"
"12/07/2022","87.960","88.100","88.100","87.370","0.45%"
"12/06/2022","87.570","87.100","87.600","87.100","0.56%"
"12/05/2022","87.080","87.070","87.320","86.900","0.01%"
"12/02/2022","87.070","87.470","87.750","86.900","-0.31%"
"12/01/2022","87.340","87.180","87.640","86.980","0.99%"
"11/30/2022","86.480","86.710","86.800","86.400","-0.35%"
"11/29/2022","86.780","87.020","87.280","86.670","0.60%"
"11/28/2022","86.260","86.690","86.770","85.950","-0.42%"
"11/25/2022","86.620","87.330","87.370","86.420","-1.22%"
"11/24/2022","87.690","87.220","87.840","87.100","0.79%"
"11/23/2022","87.000","86.130","87.250","86.000","0.74%"
"11/22/2022","86.360","86.030","86.450","85.930","0.08%"
"11/21/2022","86.290","86.490","86.680","86.100","-0.31%"
"11/18/2022","86.560","86.300","86.630","85.680","0.57%"
"11/17/2022","86.070","86.610","86.630","85.800","-0.27%"
"11/16/2022","86.300","85.530","86.430","85.530","0.75%"
"11/15/2022","85.660","85.090","85.800","84.790","0.99%"
"11/14/2022","84.820","84.620","85.090","84.550","0.14%"
"11/11/2022","84.700","85.530","85.580","84.500","-1.51%"
"11/10/2022","86.000","84.140","86.000","83.900","2.38%"
"11/09/2022","84.000","83.950","84.110","83.560","0.47%"
"11/08/2022","83.610","82.940","83.670","82.720","0.59%"
"11/07/2022","83.120","82.910","83.550","82.900","0.02%"
"11/04/2022","83.100","83.640","83.840","83.000","-0.48%"
"11/03/2022","83.500","83.390","83.900","83.350","-0.94%"
"11/02/2022","84.290","84.460","84.460","84.080","-0.02%"
"11/01/2022","84.310","84.500","85.140","84.310","0.27%"
"10/31/2022","84.080","84.770","84.770","83.920","-0.95%"
"10/28/2022","84.890","85.530","85.530","84.450","-0.91%"
"10/27/2022","85.670","83.750","85.670","83.230","2.07%"
"10/26/2022","83.930","83.540","83.980","83.200","0.27%"
"10/25/2022","83.700","83.080","83.700","82.890","1.59%"
"10/24/2022","82.390","82.160","82.560","81.490","1.39%"
"10/21/2022","81.260","80.960","81.500","80.650","-0.34%"
"10/20/2022","81.540","80.830","81.610","80.790","0.04%"
"10/19/2022","81.510","81.500","81.710","81.230","-0.23%"
"10/18/2022","81.700","81.880","82.230","81.280","-0.27%"
"10/17/2022","81.920","81.780","82.120","81.550","0.97%"
"10/14/2022","81.130","82.260","82.490","81.070","-0.65%"
"10/13/2022","81.660","81.180","82.360","80.840","0.69%"
"10/12/2022","81.100","81.970","81.980","80.750","-0.84%"
"10/11/2022","81.790","81.720","81.920","81.340","-0.04%"
"10/10/2022","81.820","81.300","81.820","81.000","0.27%"
"10/07/2022","81.600","82.180","82.510","81.330","-1.31%"
"10/06/2022","82.680","82.940","83.260","82.550","-0.29%"
"10/05/2022","82.920","84.370","84.390","82.920","-1.94%"
"10/04/2022","84.560","84.890","85.440","84.390","0.07%"
"10/03/2022","84.500","82.360","84.500","82.170","2.19%"
"09/30/2022","82.690","82.700","82.830","82.160","1.15%"
"09/29/2022","81.750","82.110","82.110","81.340","-0.62%"
"09/28/2022","82.260","80.750","82.270","80.140","1.56%"
"09/27/2022","81.000","81.830","82.440","81.000","-1.65%"
"09/26/2022","82.360","82.590","82.910","82.300","-1.18%"
"09/23/2022","83.340","84.530","84.800","83.200","-1.14%"
"09/22/2022","84.300","84.550","85.250","84.200","-0.41%"
"09/21/2022","84.650","84.610","84.970","84.490","0.49%"
"09/20/2022","84.240","85.030","85.030","84.140","-1.18%"
"09/19/2022","85.250","85.520","85.520","84.830","-0.02%"
"09/16/2022","85.270","85.050","85.350","84.900","-0.73%"
"09/15/2022","85.900","85.280","85.900","85.250","0.02%"
"09/14/2022","85.880","85.890","85.970","85.100","0.21%"
"09/13/2022","85.700","85.690","86.480","85.570","-0.36%"
"09/12/2022","86.010","85.110","86.100","85.110","0.49%"
"09/09/2022","85.590","85.300","86.200","85.140","-0.48%"
"09/08/2022","86.000","86.880","86.880","85.800","-0.46%"
"09/07/2022","86.400","85.930","86.720","85.710","0.61%"
"09/06/2022","85.880","86.110","86.650","85.740","-0.26%"
"09/05/2022","86.100","86.600","86.600","85.760","-0.75%"
"09/02/2022","86.750","86.440","86.970","85.890","0.95%"
"09/01/2022","85.930","85.830","86.050","85.590","-0.53%"
"08/31/2022","86.390","87.120","87.250","85.950","-0.39%"
"08/30/2022","86.730","87.050","87.450","86.500","-0.42%"
"08/29/2022","87.100","86.730","87.100","86.500","-0.63%"
"08/26/2022","87.650","88.680","88.680","87.210","-1.13%"
"08/25/2022","88.650","87.890","88.720","87.860","0.89%"
"08/24/2022","87.870","87.600","88.120","87.350","-0.11%"
"08/23/2022","87.970","88.630","88.630","87.500","-0.39%"
"08/22/2022","88.310","89.040","89.110","88.290","-0.74%"
"08/19/2022","88.970","89.290","89.380","88.740","-1.00%"
"08/18/2022","89.870","89.540","90.010","89.540","-0.21%"
"08/17/2022","90.060","91.280","91.280","89.700","-1.12%"
"08/16/2022","91.080","92.320","92.320","90.950","-0.65%"
"08/12/2022","91.680","91.910","91.910","91.510","-0.43%"
"08/11/2022","92.080","92.400","92.790","91.880","-0.25%"
"08/10/2022","92.310","91.920","92.640","91.910","0.56%"
"08/09/2022","91.800","92.130","92.320","91.470","-0.23%"
"08/08/2022","92.010","91.980","92.320","91.950","-0.10%"
"08/05/2022","92.100","92.790","92.880","92.100","-0.64%"
"08/04/2022","92.690","92.270","92.710","91.960","0.85%"
"08/03/2022","91.910","91.890","92.030","91.500","-0.10%"
"08/02/2022","92.000","92.900","93.070","91.900","-0.43%"
"08/01/2022","92.400","91.400","92.540","91.280","1.15%"
"07/29/2022","91.350","90.500","91.350","89.830","1.08%"
"07/28/2022","90.370","88.970","90.560","88.900","1.24%"
"07/27/2022","89.260","89.310","89.490","89.000","-0.51%"
"07/26/2022","89.720","89.540","89.990","89.400","0.37%"
"07/25/2022","89.390","89.240","89.550","88.920","0.20%"
"07/22/2022","89.210","87.830","89.530","87.830","1.40%"
"07/21/2022","87.980","87.980","88.400","86.880","-0.96%"
"07/20/2022","88.830","89.720","90.190","88.720","-0.30%"
"07/19/2022","89.100","89.900","89.900","89.090","-0.45%"
"07/18/2022","89.500","89.410","89.580","88.750","-0.17%"
"07/15/2022","89.650","89.460","89.900","89.340","0.28%"
"07/14/2022","89.400","89.860","89.870","88.650","-1.06%"
"07/13/2022","90.360","90.370","90.710","89.920","-0.53%"
"07/12/2022","90.840","89.940","90.970","89.920","0.85%"
"07/11/2022","90.070","89.780","90.280","89.750","0.43%"
"07/08/2022","89.680","89.950","90.160","89.500","-0.06%"
"07/07/2022","89.730","90.320","90.320","89.310","-0.92%"
"07/06/2022","90.560","90.260","91.200","90.220","0.30%"
"07/05/2022","90.290","89.890","90.290","89.730","0.60%"
"07/04/2022","89.750","90.470","90.470","89.700","-0.97%"
"07/01/2022","90.630","89.420","91.380","88.920","1.39%"
"06/30/2022","89.390","88.850","89.620","88.750","0.79%"
"06/29/2022","88.690","88.060","88.750","87.880","1.29%"
"06/28/2022","87.560","87.920","87.920","87.340","-0.31%"
"06/27/2022","87.830","88.180","88.320","87.580","-0.59%"
"06/24/2022","88.350","88.770","89.130","87.970","-0.42%"
"06/23/2022","88.720","87.640","89.110","87.640","1.04%"
"06/22/2022","87.810","86.950","88.030","86.880","1.18%"
"06/21/2022","86.790","86.890","87.370","86.640","-1.16%"
"06/20/2022","87.810","87.450","87.810","86.800","0.42%"
"06/17/2022","87.440","86.330","87.740","86.090","1.43%"
"06/16/2022","86.210","86.030","86.210","84.730","0.36%"
"06/15/2022","85.900","85.200","86.440","84.440","2.87%"
"06/14/2022","83.500","84.740","84.970","83.500","-1.05%"
"06/13/2022","84.390","85.580","85.720","84.290","-2.05%"
"06/10/2022","86.160","86.870","87.060","86.080","-1.10%"
"06/09/2022","87.120","88.920","89.160","87.120","-2.05%"
"06/08/2022","88.940","89.200","89.200","88.620","-0.55%"
"06/07/2022","89.430","88.510","89.470","88.510","1.09%"
"06/06/2022","88.470","89.460","89.480","88.470","-0.17%"
"06/03/2022","88.620","89.330","89.480","88.620","-0.88%"
"06/02/2022","89.410","89.900","89.950","89.270","-0.66%"
"06/01/2022","90.000","90.500","90.700","90.000","-0.39%"
"05/31/2022","90.350","91.240","91.520","90.200","-1.03%"
"05/30/2022","91.290","91.570","91.590","91.100","-0.69%"
"05/27/2022","91.920","92.190","92.400","91.860","-0.03%"
"05/26/2022","91.950","92.150","92.480","91.710","0.33%"
"05/25/2022","91.650","91.520","91.850","91.520","0.31%"
"05/24/2022","91.370","90.820","91.510","90.700","0.36%"
"05/23/2022","91.040","91.400","91.690","90.900","-0.38%"
"05/20/2022","91.390","91.640","91.720","91.100","-0.64%"
"05/19/2022","91.980","91.430","92.110","91.410","0.37%"
"05/18/2022","91.640","91.520","91.750","91.170","0.15%"
"05/17/2022","91.500","92.030","92.360","91.390","-1.24%"
"05/16/2022","92.650","92.420","92.650","91.700","0.28%"
"05/13/2022","92.390","93.110","93.140","92.220","-1.07%"
"05/12/2022","93.390","92.450","93.390","92.450","1.62%"
"05/11/2022","91.900","91.350","92.000","90.880","0.83%"
"05/10/2022","91.140","90.320","91.640","90.320","0.95%"
"05/09/2022","90.280","89.870","90.420","89.600","0.17%"
"05/06/2022","90.130","90.940","91.190","90.070","-1.08%"
"05/05/2022","91.110","91.840","92.490","91.000","-0.43%"
"05/04/2022","91.500","91.750","92.070","91.270","-0.82%"
"05/03/2022","92.260","92.240","92.560","91.940","-0.10%"
"05/02/2022","92.350","92.690","92.910","92.320","-0.47%"
"04/29/2022","92.790","93.500","93.560","92.700","-0.47%"
"04/28/2022","93.230","94.450","94.870","93.060","-1.16%"
"04/27/2022","94.320","94.100","94.450","94.000","-0.26%"
"04/26/2022","94.570","94.030","94.570","93.950","0.48%"
"04/25/2022","94.120","94.000","94.290","93.600","0.51%"
"04/22/2022","93.640","94.330","94.350","93.510","-0.62%"
"04/21/2022","94.220","94.360","94.820","94.090","-0.57%"
"04/20/2022","94.760","94.480","95.100","94.370","0.32%"
"04/19/2022","94.460","95.160","95.160","94.240","-0.94%"
"04/14/2022","95.360","95.560","95.960","94.810","-0.41%"
"04/13/2022","95.750","95.000","95.870","94.690","0.32%"
"04/12/2022","95.440","94.880","95.720","94.490","0.37%"
"04/11/2022","95.090","95.400","95.780","95.000","-0.78%"
"04/08/2022","95.840","96.150","96.370","95.340","-0.07%"
"04/07/2022","95.910","96.380","96.750","95.590","-0.27%"
"04/06/2022","96.170","96.650","96.650","95.730","-0.45%"
"04/05/2022","96.600","97.720","97.720","96.600","-1.36%"
"04/04/2022","97.930","97.760","98.350","97.540","0.26%"
"04/01/2022","97.680","97.850","98.020","97.390","-0.64%"
"03/31/2022","98.310","97.560","98.410","97.540","0.94%"
"03/30/2022","97.390","97.550","97.550","96.850","-0.19%"
"03/29/2022","97.580","97.610","97.800","96.600","-0.31%"
"03/28/2022","97.880","97.960","98.140","97.350","-0.26%"
"03/25/2022","98.140","98.380","98.710","97.960","-0.07%"
"03/24/2022","98.210","98.790","98.900","98.150","-0.53%"
"03/23/2022","98.730","98.560","98.920","98.540","-0.60%"
"03/22/2022","99.330","98.500","99.330","98.180","0.48%"
"03/21/2022","98.860","99.340","99.370","98.800","-0.93%"
"03/18/2022","99.790","99.490","99.790","99.340","0.37%"
"03/17/2022","99.420","99.560","99.800","99.180","-0.09%"
"03/16/2022","99.510","99.150","99.720","99.000","0.02%"
"03/15/2022","99.490","99.110","99.610","99.000","0.38%"
"03/14/2022","99.110","99.620","99.620","98.950","-0.65%"
"03/11/2022","99.760","99.450","99.790","99.340","0.29%"
"03/10/2022","99.470","101.420","101.870","99.400","-2.04%"
"03/09/2022","101.540","102.210","102.210","101.300","-0.55%"
"03/08/2022","102.100","102.090","102.540","102.050","0.03%"
"03/07/2022","102.070","102.470","102.470","101.910","-0.67%"
"03/04/2022","102.760","102.230","102.760","102.230","0.57%"
"03/03/2022","102.180","102.200","102.250","101.530","-0.22%"
"03/02/2022","102.410","103.170","103.200","102.280","-1.10%"
"03/01/2022","103.550","101.290","103.880","101.280","2.89%"
"02/28/2022","100.640","100.180","100.650","99.890","0.69%"
"02/25/2022","99.950","99.800","100.420","99.750","-0.15%"
"02/24/2022","100.100","99.440","100.450","99.300","0.95%"
"02/23/2022","99.160","99.080","99.360","99.020","0.00%"
"02/22/2022","99.160","99.570","99.600","98.900","-0.14%"
"02/21/2022","99.300","99.740","99.740","99.250","-0.48%"
"02/18/2022","99.780","99.720","100.120","99.650","-0.02%"
"02/17/2022","99.800","99.280","99.840","99.100","0.50%"
"02/16/2022","99.300","98.630","99.550","98.540","0.56%"
"02/15/2022","98.750","98.890","98.980","98.540","-0.10%"
"02/14/2022","98.850","99.300","99.480","98.800","-0.20%"
"02/11/2022","99.050","99.410","99.660","98.940","-0.32%"
"02/10/2022","99.370","100.400","100.400","99.300","-1.18%"
"02/09/2022","100.560","101.400","101.400","100.150","0.71%"
"02/08/2022","99.850","99.860","100.570","99.650","-0.50%"
"02/07/2022","100.350","100.590","100.590","99.500","-0.30%"
"02/04/2022","100.650","101.280","101.650","100.580","-1.37%"
"02/03/2022","102.050","103.440","103.460","102.050","-1.34%"
"02/02/2022","103.440","103.850","103.850","103.440","-0.22%"
"02/01/2022","103.670","104.110","104.270","103.560","-0.40%"
"01/31/2022","104.090","104.620","104.650","103.850","-0.02%"
"01/28/2022","104.110","103.810","104.110","103.620","0.27%"
"01/27/2022","103.830","103.320","103.840","103.320","-0.02%"
"01/26/2022","103.850","104.170","104.170","103.850","-0.25%"
"01/25/2022","104.110","104.120","104.120","104.110","-0.18%"
"01/24/2022","104.300","104.290","104.580","104.290","0.15%"
"01/21/2022","104.140","104.110","104.190","104.110","0.11%"
"01/20/2022","104.030","103.870","104.030","103.870","0.37%"
"01/19/2022","103.650","103.510","103.890","103.510","-0.32%"
"01/18/2022","103.980","103.950","104.090","103.750","-0.14%"
"01/17/2022","104.130","104.190","104.230","104.130","-0.26%"
"01/14/2022","104.400","104.480","104.550","104.400","-0.34%"
"01/13/2022","104.760","104.240","104.760","104.240","0.28%"
"01/12/2022","104.470","104.120","104.470","104.110","0.53%"
"01/11/2022","103.920","104.110","104.110","103.900","-0.30%"
"01/10/2022","104.230","103.770","104.400","103.770","0.18%"
"01/07/2022","104.040","103.920","104.110","103.920","-0.19%"
"01/06/2022","104.240","104.240","104.240","104.240","-0.34%"
"01/05/2022","104.600","104.700","104.700","104.520","-0.30%"
"01/04/2022","104.910","104.730","104.910","104.720","-0.29%"
"12/30/2021","105.210","105.590","105.690","105.210","-0.01%"
"12/29/2021","105.220","105.480","105.480","105.220","-0.25%"
"12/28/2021","105.480","105.490","105.490","105.480","0.27%"
"12/27/2021","105.200","105.580","105.580","105.200","-0.37%"
"12/23/2021","105.590","105.650","105.710","105.500","-0.60%"
"12/22/2021","106.230","106.320","106.420","106.230","-0.41%"
"12/21/2021","106.670","107.190","107.190","106.670","-0.96%"
"12/20/2021","107.700","107.700","107.700","107.700","0.22%"
"12/17/2021","107.460","107.170","107.460","107.170","0.61%"
"12/16/2021","106.810","107.500","107.700","106.720","-0.63%"
"12/15/2021","107.490","107.500","107.610","107.490","0.02%"
"12/14/2021","107.470","107.470","107.470","107.410","0.03%"
"12/13/2021","107.440","107.330","107.460","107.330","0.30%"
"12/10/2021","107.120","106.820","107.120","106.820","0.25%"
"12/09/2021","106.850","106.830","106.850","106.830","0.23%"
"12/08/2021","106.600","107.490","107.500","106.600","-0.87%"
"12/07/2021","107.540","107.470","107.700","107.470","-0.31%"
"12/06/2021","107.870","107.670","107.870","107.630","0.48%"
"12/03/2021","107.350","107.500","107.500","107.350","0.08%"
"12/02/2021","107.260","106.700","107.260","106.700","0.62%"
"12/01/2021","106.600","106.400","106.710","106.300","-0.49%"
"11/30/2021","107.130","107.050","107.380","107.050","0.31%"
"11/29/2021","106.800","106.780","106.850","106.780","-0.17%"
"11/26/2021","106.980","106.920","107.020","106.920","0.66%"
"11/25/2021","106.280","106.380","106.410","106.170","0.25%"
"11/24/2021","106.010","106.280","106.300","106.000","-0.39%"
"11/23/2021","106.420","106.750","106.830","106.410","-0.96%"
"11/22/2021","107.450","108.120","108.120","107.450","-0.52%"
"11/19/2021","108.010","107.520","108.010","107.520","0.57%"
"11/18/2021","107.400","107.160","107.400","107.110","0.35%"
"11/17/2021","107.030","107.030","107.270","106.900","-0.13%"
"11/16/2021","107.170","106.880","107.170","106.880","0.10%"
"11/15/2021","107.060","107.590","107.590","107.060","-0.11%"
"11/12/2021","107.180","107.020","107.290","106.840","-0.10%"
"11/11/2021","107.290","107.130","107.440","107.100","-0.30%"
"11/10/2021","107.610","108.210","108.210","107.610","-0.32%"
"11/09/2021","107.960","107.890","108.150","107.890","0.14%"
"11/08/2021","107.810","107.900","107.900","107.700","-0.07%"
"11/05/2021","107.890","107.320","107.890","107.260","0.41%"
"11/04/2021","107.450","106.560","107.450","106.510","1.04%"
"11/03/2021","106.340","106.320","106.590","106.320","0.22%"
"11/02/2021","106.110","105.570","106.120","105.530","1.40%"
"11/01/2021","104.650","104.900","104.970","104.380","-0.24%"
"10/29/2021","104.900","105.520","105.530","104.670","-1.58%"
"10/28/2021","106.580","106.740","106.850","106.070","-0.75%"
"10/27/2021","107.380","106.910","107.420","106.810","0.45%"
"10/26/2021","106.900","107.110","107.130","106.900","-0.19%"
"10/25/2021","107.100","106.890","107.100","106.890","0.41%"
"10/22/2021","106.660","106.670","106.830","106.660","-0.13%"
"10/21/2021","106.800","107.180","107.180","106.800","-0.33%"
"10/20/2021","107.150","107.170","107.170","107.010","0.13%"
"10/19/2021","107.010","107.070","107.070","106.830","-0.31%"
"10/18/2021","107.340","107.100","107.380","106.980","-0.23%"
"10/15/2021","107.590","107.650","107.650","107.590","0.14%"
"10/14/2021","107.440","107.230","107.440","107.230","-0.04%"
"10/13/2021","107.480","107.240","107.480","107.240","0.25%"
"10/12/2021","107.210","107.230","107.400","107.190","-0.02%"
"10/11/2021","107.230","107.430","107.430","107.170","-0.52%"
"10/08/2021","107.790","107.590","107.800","107.410","-0.02%"
"10/07/2021","107.810","107.910","107.910","107.650","0.34%"
"10/06/2021","107.440","107.550","107.570","107.440","-0.28%"
"10/05/2021","107.740","108.200","108.200","107.740","-0.24%"
"10/04/2021","108.000","107.890","108.000","107.890","-0.14%"
"10/01/2021","108.150","107.810","108.150","107.810","0.39%"
"09/30/2021","107.730","108.030","108.140","107.720","-0.35%"
"09/29/2021","108.110","108.000","108.240","108.000","0.34%"
"09/28/2021","107.740","108.040","108.040","107.610","-0.54%"
"09/27/2021","108.330","108.600","108.600","108.200","-0.18%"
"09/24/2021","108.520","108.660","108.700","108.460","-1.01%"
"09/23/2021","109.630","109.390","109.630","109.390","0.00%"
"09/22/2021","109.630","109.310","109.690","109.260","0.21%"
"09/21/2021","109.400","109.230","109.400","109.130","0.27%"
"09/20/2021","109.110","108.890","109.250","108.890","0.03%"
"09/17/2021","109.080","109.050","109.080","108.860","-0.26%"
"09/16/2021","109.360","109.300","109.360","109.260","0.05%"
"09/15/2021","109.300","109.600","109.600","109.300","-0.32%"
"09/14/2021","109.650","109.200","109.650","109.200","0.25%"
"09/13/2021","109.380","109.380","109.380","109.380","0.14%"
"09/10/2021","109.230","109.200","109.300","109.200","-0.36%"
"09/09/2021","109.620","108.840","109.620","108.820","0.75%"
"09/08/2021","108.800","108.800","108.830","108.750","0.05%"
"09/07/2021","108.750","109.090","109.090","108.730","-0.56%"
"09/06/2021","109.360","109.320","109.370","109.160","0.07%"
"09/03/2021","109.280","109.350","109.490","109.150","-0.32%"
"09/02/2021","109.630","109.680","109.680","109.580","0.27%"
"09/01/2021","109.340","109.280","109.340","109.110","0.00%"
"08/31/2021","109.340","110.110","110.110","109.310","-0.66%"
"08/30/2021","110.070","109.850","110.110","109.850","0.42%"
"08/27/2021","109.610","109.720","109.760","109.610","0.05%"
"08/26/2021","109.560","109.650","109.690","109.530","-0.14%"
"08/25/2021","109.710","110.500","110.500","109.710","-0.74%"
"08/24/2021","110.530","110.550","110.580","110.520","0.11%"
"08/23/2021","110.410","110.410","110.410","110.410","-0.40%"
"08/20/2021","110.850","110.730","110.850","110.730","0.26%"
"08/19/2021","110.560","110.560","110.560","110.560","-0.28%"
"08/18/2021","110.870","110.770","110.870","110.770","0.21%"
"08/17/2021","110.640","110.840","110.950","110.640","-0.03%"
"08/16/2021","110.670","110.740","110.740","110.580","-0.11%"
"08/13/2021","110.790","110.680","110.790","110.680","-0.04%"
"08/12/2021","110.830","110.660","110.830","110.660","0.19%"
"08/11/2021","110.620","110.730","110.730","110.490","-0.19%"
"08/10/2021","110.830","110.700","110.830","110.700","0.03%"
"08/09/2021","110.800","110.780","110.800","110.780","0.14%"
"08/06/2021","110.650","110.870","110.870","110.560","-0.42%"
"08/05/2021","111.120","110.900","111.120","110.900","0.49%"
"08/04/2021","110.580","110.780","110.850","110.580","-0.09%"
"08/03/2021","110.680","110.520","110.680","110.470","0.06%"
"08/02/2021","110.610","110.270","110.620","110.270","0.42%"
"07/30/2021","110.150","110.180","110.180","110.100","-0.09%"
"07/29/2021","110.250","110.260","110.260","110.110","0.04%"
"07/28/2021","110.210","110.130","110.210","110.130","0.08%"
"07/27/2021","110.120","110.120","110.120","110.120","0.07%"
"07/26/2021","110.040","110.040","110.040","110.040","0.02%"
"07/23/2021","110.020","109.890","110.020","109.860","0.14%"
"07/22/2021","109.870","109.650","109.870","109.570","0.34%"
"07/21/2021","109.500","109.580","109.610","109.400","0.03%"
"07/20/2021","109.470","109.590","109.590","109.440","0.07%"
"07/19/2021","109.390","109.450","109.450","109.260","-0.01%"
"07/16/2021","109.400","109.290","109.400","109.140","0.11%"
"07/15/2021","109.280","109.330","109.420","109.280","-0.04%"
"07/14/2021","109.320","109.090","109.430","109.090","0.07%"
"07/13/2021","109.240","109.000","109.270","109.000","0.17%"
"07/12/2021","109.050","109.020","109.150","109.020","0.25%"
"07/09/2021","108.780","108.980","108.980","108.730","-0.03%"
"07/08/2021","108.810","109.010","109.080","108.600","-0.15%"
"07/07/2021","108.970","109.120","109.170","108.970","0.05%"
"07/06/2021","108.920","108.550","108.980","108.550","0.48%"
"07/05/2021","108.400","108.530","108.540","108.380","-0.27%"
"07/02/2021","108.690","108.470","108.790","108.460","0.21%"
"07/01/2021","108.460","108.110","108.460","108.100","0.18%"
"06/30/2021","108.260","107.640","108.260","107.640","0.50%"
"06/29/2021","107.720","107.680","107.910","107.680","-0.03%"
"06/28/2021","107.750","107.470","107.750","107.390","0.37%"
"06/25/2021","107.350","107.700","107.750","107.300","-0.52%"
"06/24/2021","107.910","107.500","107.910","107.490","0.31%"
"06/23/2021","107.580","107.640","107.940","107.580","-0.05%"
"06/22/2021","107.630","107.720","107.950","107.620","-0.16%"
"06/21/2021","107.800","107.850","107.850","107.610","-0.04%"
"06/18/2021","107.840","108.230","108.230","107.710","-0.38%"
"06/17/2021","108.250","108.300","108.300","108.010","-0.38%"
"06/16/2021","108.660","108.620","108.730","108.620","-0.04%"
"06/15/2021","108.700","108.820","108.870","108.690","-0.02%"
"06/14/2021","108.720","109.020","109.020","108.720","-0.26%"
"06/11/2021","109.000","108.780","109.050","108.730","0.42%"
"06/10/2021","108.540","108.340","108.540","108.100","0.19%"
"06/09/2021","108.330","107.950","108.530","107.950","0.41%"
"06/08/2021","107.890","107.560","107.890","107.480","0.42%"
"06/07/2021","107.440","107.880","107.880","107.210","-0.43%"
"06/04/2021","107.900","107.710","107.900","107.620","0.22%"
"06/03/2021","107.660","107.740","107.740","107.650","-0.07%"
"06/02/2021","107.740","107.680","107.780","107.640","0.16%"
"06/01/2021","107.570","107.440","107.820","107.440","0.12%"
"05/31/2021","107.440","107.320","107.440","107.200","-0.01%"
"05/28/2021","107.450","106.990","107.450","106.990","0.24%"
"05/27/2021","107.190","107.330","107.330","107.190","-0.20%"
"05/26/2021","107.400","107.240","107.400","107.220","0.43%"
"05/25/2021","106.940","106.660","107.020","106.660","0.46%"
"05/24/2021","106.450","106.270","106.450","106.270","0.16%"
"05/21/2021","106.280","106.260","106.570","106.260","0.22%"
"05/20/2021","106.050","105.470","106.050","105.470","0.46%"
"05/19/2021","105.560","105.280","105.720","105.280","-0.21%"
"05/18/2021","105.780","105.470","105.830","105.470","0.14%"
"05/17/2021","105.630","106.000","106.000","105.440","-0.28%"
"05/14/2021","105.930","106.010","106.060","105.800","-0.22%"
"05/13/2021","106.160","106.310","106.310","106.150","-0.26%"
"05/12/2021","106.440","106.850","107.000","106.430","-0.38%"
"05/11/2021","106.850","106.850","106.870","106.800","-0.48%"
"05/10/2021","107.370","106.970","107.370","106.970","0.29%"
"05/07/2021","107.060","107.600","107.600","106.940","-0.51%"
"05/06/2021","107.610","107.590","107.770","107.440","-0.10%"
"05/05/2021","107.720","107.790","107.800","107.680","-0.32%"
"05/04/2021","108.070","107.750","108.070","107.750","0.22%"
"05/03/2021","107.830","107.760","107.910","107.460","0.28%"
"04/30/2021","107.530","107.610","107.630","107.530","0.04%"
"04/29/2021","107.490","107.880","107.880","107.370","-0.35%"
"04/28/2021","107.870","107.680","107.920","107.660","-0.08%"
"04/27/2021","107.960","108.060","108.080","107.930","-0.21%"
"04/26/2021","108.190","108.300","108.320","107.980","-0.12%"
"04/23/2021","108.320","108.630","108.710","108.280","-0.24%"
"04/22/2021","108.580","108.720","108.720","108.340","-0.05%"
"04/21/2021","108.630","108.450","108.710","108.410","0.27%"
"04/20/2021","108.340","108.220","108.340","108.100","-0.04%"
"04/19/2021","108.380","108.760","108.900","108.280","-0.25%"
"04/16/2021","108.650","108.640","108.790","108.630","-0.25%"
"04/15/2021","108.920","108.450","108.920","108.420","0.48%"
"04/14/2021","108.400","108.940","108.960","108.400","-0.26%"
"04/13/2021","108.680","108.660","108.690","108.410","-0.15%"
"04/12/2021","108.840","109.080","109.270","108.840","-0.03%"
"04/09/2021","108.870","109.060","109.130","108.750","-0.60%"
"04/08/2021","109.530","109.490","109.650","109.490","0.30%"
"04/07/2021","109.200","109.420","109.530","109.200","-0.03%"
"04/06/2021","109.230","109.500","109.540","109.230","-0.61%"
"04/01/2021","109.900","109.630","109.960","109.620","0.29%"
"03/31/2021","109.580","109.370","109.640","109.370","0.18%"
"03/30/2021","109.380","109.440","109.440","109.060","-0.34%"
"03/29/2021","109.750","110.310","110.310","109.750","-0.35%"
"03/26/2021","110.140","110.200","110.200","109.890","-0.20%"
"03/25/2021","110.360","110.410","110.410","110.260","0.07%"
"03/24/2021","110.280","110.310","110.330","110.200","0.10%"
"03/23/2021","110.170","109.900","110.180","109.860","0.39%"
"03/22/2021","109.740","109.680","109.740","109.470","0.15%"
"03/19/2021","109.580","109.720","109.750","109.340","0.25%"
"03/18/2021","109.310","109.210","109.380","109.070","-0.01%"
"03/17/2021","109.320","109.970","109.970","109.270","-0.73%"
"03/16/2021","110.120","110.200","110.290","110.020","-0.12%"
"03/15/2021","110.250","110.120","110.280","110.120","0.28%"
"03/12/2021","109.940","109.990","110.220","109.860","-0.31%"
"03/11/2021","110.280","109.840","110.660","109.810","0.71%"
"03/10/2021","109.500","109.410","109.560","109.410","0.13%"
"03/09/2021","109.360","109.070","109.540","109.060","0.50%"
"03/08/2021","108.820","108.860","109.000","108.810","0.10%"
"03/05/2021","108.710","108.800","108.840","108.380","-0.21%"
"03/04/2021","108.940","109.030","109.150","108.830","0.08%"
"03/03/2021","108.850","109.550","109.550","108.800","-0.50%"
"03/02/2021","109.400","109.700","109.720","109.290","-0.23%"
"03/01/2021","109.650","109.050","109.670","109.050","0.98%"
"02/26/2021","108.590","108.110","108.880","108.110","0.12%"
"02/25/2021","108.460","109.090","109.170","108.330","-0.83%"
"02/24/2021","109.370","109.790","109.850","109.220","-0.44%"
"02/23/2021","109.850","110.320","110.320","109.630","-0.47%"
"02/22/2021","110.370","109.850","110.430","109.800","0.21%"
"02/19/2021","110.140","109.880","110.150","109.880","0.36%"
"02/18/2021","109.740","110.380","110.500","109.650","-0.66%"
"02/17/2021","110.470","110.470","110.640","110.240","-0.36%"
"02/16/2021","110.870","111.060","111.060","110.870","-0.17%"
"02/15/2021","111.060","111.230","111.330","110.970","-0.36%"
"02/12/2021","111.460","112.030","112.110","111.460","-0.30%"
"02/11/2021","111.790","111.490","111.790","111.440","0.44%"
"02/10/2021","111.300","111.280","111.420","111.200","0.09%"
"02/09/2021","111.200","111.280","111.310","111.170","0.03%"
"02/08/2021","111.170","111.020","111.230","111.010","0.17%"
"02/05/2021","110.980","110.910","111.230","110.800","0.20%"
"02/04/2021","110.760","110.390","110.830","110.390","0.22%"
"02/03/2021","110.520","110.360","110.850","110.360","0.66%"
"02/02/2021","109.790","109.990","110.090","109.780","-0.37%"
"02/01/2021","110.200","110.110","110.270","110.110","0.26%"
"01/29/2021","109.910","110.170","110.170","109.810","-0.03%"
"01/28/2021","109.940","109.980","109.980","109.900","0.05%"
"01/27/2021","109.880","109.920","110.060","109.880","-0.05%"
"01/26/2021","109.930","109.570","110.040","109.570","0.31%"
"01/25/2021","109.590","109.050","109.590","109.050","0.50%"
"01/22/2021","109.040","109.150","109.210","108.800","-0.43%"
"01/21/2021","109.510","110.400","110.400","109.510","-0.65%"
"01/20/2021","110.230","110.690","110.690","110.190","-0.29%"
"01/19/2021","110.550","110.180","110.550","110.140","0.48%"
"01/18/2021","110.020","110.070","110.090","109.920","-0.18%"
"01/15/2021","110.220","110.180","110.320","110.130","0.21%"
"01/14/2021","109.990","110.300","110.300","109.770","-0.42%"
"01/13/2021","110.450","109.910","110.580","109.880","0.67%"
"01/12/2021","109.720","110.440","110.460","109.720","-0.89%"
"01/11/2021","110.700","111.050","111.050","110.700","-0.39%"
"01/08/2021","111.130","111.050","111.330","111.050","0.22%"
"01/07/2021","110.890","110.580","110.920","110.580","0.13%"
"01/06/2021","110.750","110.650","110.750","110.620","-0.14%"
"01/05/2021","110.900","110.800","111.000","110.700","0.01%"
"01/04/2021","110.890","110.990","111.150","110.890","-0.09%"
"12/30/2020","110.990","110.850","111.000","110.820","0.04%"
"12/29/2020","110.950","111.120","111.130","110.860","-0.06%"
"12/28/2020","111.020","110.830","111.020","110.690","0.43%"
"12/23/2020","110.540","110.930","110.940","110.430","-0.25%"
"12/22/2020","110.820","110.800","110.820","110.630","0.05%"
"12/21/2020","110.760","110.980","111.000","110.680","-0.05%"
"12/18/2020","110.820","110.720","111.130","110.720","-0.29%"
"12/17/2020","111.140","111.190","111.430","111.140","-0.04%"
"12/16/2020","111.180","111.310","111.310","110.870","-0.15%"
"12/15/2020","111.350","111.120","111.380","111.120","0.23%"
"12/14/2020","111.100","111.080","111.100","110.950","0.10%"
"12/11/2020","110.990","111.210","111.210","110.990","0.02%"
"12/10/2020","110.970","110.810","111.230","110.500","0.17%"
"12/09/2020","110.780","110.670","110.820","110.640","0.07%"
"12/08/2020","110.700","110.540","110.700","110.530","0.21%"
"12/07/2020","110.470","110.570","110.600","110.380","0.15%"
"12/04/2020","110.300","110.570","110.630","110.260","-0.14%"
"12/03/2020","110.450","110.250","110.450","110.250","0.29%"
"12/02/2020","110.130","109.810","110.150","109.810","0.30%"
"12/01/2020","109.800","110.490","110.490","109.700","-0.54%"
"11/30/2020","110.400","110.670","110.700","110.350","-0.20%"
"11/27/2020","110.620","110.640","110.640","110.470","0.09%"
"11/26/2020","110.520","110.380","110.580","110.380","0.01%"
"11/25/2020","110.510","110.380","110.610","110.380","-0.02%"
"11/24/2020","110.530","110.420","110.630","110.400","0.16%"
"11/23/2020","110.350","110.410","110.430","110.350","0.05%"
"11/20/2020","110.290","110.180","110.290","110.150","0.11%"
"11/19/2020","110.170","110.100","110.170","109.950","-0.01%"
"11/18/2020","110.180","110.330","110.330","110.170","-0.05%"
"11/17/2020","110.230","110.140","110.270","110.130","0.06%"
"11/16/2020","110.160","110.150","110.220","109.840","0.24%"
"11/13/2020","109.900","109.940","110.070","109.900","0.11%"
"11/12/2020","109.780","109.300","109.780","109.300","0.49%"
"11/11/2020","109.250","108.730","109.480","108.730","0.24%"
"11/10/2020","108.990","109.070","109.070","108.800","-0.08%"
"11/09/2020","109.080","110.420","110.520","108.940","-0.90%"
"11/06/2020","110.070","110.140","110.200","109.990","0.12%"
"11/05/2020","109.940","110.030","110.150","109.820","0.27%"
"11/04/2020","109.640","109.510","109.700","109.420","0.32%"
"11/03/2020","109.290","109.130","109.400","109.120","0.16%"
"11/02/2020","109.110","108.800","109.110","108.730","-0.13%"
"10/30/2020","109.250","109.150","109.250","109.030","0.17%"
"10/29/2020","109.060","108.490","109.290","108.490","0.39%"
"10/28/2020","108.640","108.950","108.950","108.540","-0.58%"
"10/27/2020","109.270","108.890","109.270","108.890","0.29%"
"10/26/2020","108.950","109.490","109.500","108.950","0.36%"
"10/23/2020","108.560","108.430","108.620","108.430","0.16%"
"10/22/2020","108.390","108.400","108.420","108.250","-0.09%"
"10/21/2020","108.490","108.910","108.910","108.490","-0.60%"
"10/20/2020","109.150","109.060","109.170","108.700","-0.08%"
"10/19/2020","109.240","109.600","109.600","109.220","-0.50%"
"10/16/2020","109.790","109.330","109.890","109.330","0.86%"
"10/15/2020","108.850","109.550","109.550","108.850","-0.81%"
"10/14/2020","109.740","109.810","109.980","109.740","0.05%"
"10/13/2020","109.690","109.590","109.740","109.420","0.07%"
"10/12/2020","109.610","109.120","109.610","109.080","0.43%"
"10/09/2020","109.140","108.820","109.140","108.820","0.44%"
"10/08/2020","108.660","108.480","108.690","108.450","0.17%"
"10/07/2020","108.480","108.610","108.620","108.380","-0.02%"
"10/06/2020","108.500","108.250","108.550","108.200","0.17%"
"10/05/2020","108.320","108.430","108.600","108.280","-0.15%"
"10/02/2020","108.480","108.140","108.480","108.130","0.45%"
"10/01/2020","107.990","107.620","107.990","107.620","0.31%"
"09/30/2020","107.660","107.760","107.870","107.620","-0.15%"
"09/29/2020","107.820","107.590","107.850","107.540","0.24%"
"09/28/2020","107.560","107.470","107.580","107.350","0.10%"
"09/25/2020","107.450","107.550","107.690","107.350","-0.15%"
"09/24/2020","107.610","107.720","107.720","107.470","-0.21%"
"09/23/2020","107.840","108.080","108.080","107.650","0.16%"
"09/22/2020","107.670","107.140","107.680","107.110","0.66%"
"09/21/2020","106.960","106.620","107.320","106.420","0.29%"
"09/18/2020","106.650","106.660","106.900","106.600","-0.18%"
"09/17/2020","106.840","106.550","106.860","106.400","0.23%"
"09/16/2020","106.600","106.390","106.710","106.390","0.21%"
"09/15/2020","106.380","106.190","106.400","105.950","0.23%"
"09/14/2020","106.140","106.130","106.410","106.110","0.21%"
"09/11/2020","105.920","105.940","105.960","105.770","0.32%"
"09/10/2020","105.580","105.660","105.780","105.580","0.09%"
"09/09/2020","105.490","105.630","105.750","105.440","0.11%"
"09/08/2020","105.370","105.250","105.540","105.250","0.18%"
"09/07/2020","105.180","105.340","105.510","105.180","-0.36%"
"09/04/2020","105.560","106.100","106.100","105.460","-0.32%"
"09/03/2020","105.900","106.180","106.410","105.900","-0.13%"
"09/02/2020","106.040","105.760","106.090","105.690","0.69%"
"09/01/2020","105.310","104.950","105.360","104.780","0.45%"
"08/31/2020","104.840","105.330","105.330","104.790","-0.54%"
"08/28/2020","105.410","105.310","105.410","105.200","-0.09%"
"08/27/2020","105.500","105.810","106.090","105.500","-0.08%"
"08/26/2020","105.580","105.640","105.640","105.460","0.31%"
"08/25/2020","105.250","106.120","106.130","105.250","-1.03%"
"08/24/2020","106.340","106.210","106.340","106.100","0.02%"
"08/21/2020","106.320","106.440","106.590","106.250","-0.27%"
"08/20/2020","106.610","106.510","106.710","106.510","-0.02%"
"08/19/2020","106.630","106.470","106.660","106.340","0.15%"
"08/18/2020","106.470","106.440","106.480","106.280","0.06%"
"08/17/2020","106.410","105.980","106.410","105.980","0.60%"
"08/14/2020","105.780","105.440","105.860","105.440","0.09%"
"08/13/2020","105.680","106.180","106.320","105.440","-0.46%"
"08/12/2020","106.170","106.270","106.330","105.970","-0.18%"
"08/11/2020","106.360","106.660","106.660","106.360","-0.23%"
"08/10/2020","106.600","106.420","106.630","106.420","0.01%"
"08/07/2020","106.590","106.320","106.710","106.320","0.07%"
"08/06/2020","106.520","106.370","106.530","106.370","0.42%"
"08/05/2020","106.070","106.410","106.420","105.950","-0.16%"
"08/04/2020","106.240","105.740","106.240","105.740","0.50%"
"08/03/2020","105.710","105.510","105.710","105.250","0.07%"
"07/31/2020","105.640","106.200","106.210","105.440","-0.45%"
"07/30/2020","106.120","105.820","106.130","105.820","0.26%"
"07/29/2020","105.840","105.780","105.840","105.510","0.14%"
"07/28/2020","105.690","105.910","105.910","105.630","-0.26%"
"07/27/2020","105.970","105.800","105.970","105.570","0.30%"
"07/24/2020","105.650","105.860","105.860","105.580","-0.20%"
"07/23/2020","105.860","105.550","105.900","105.500","0.33%"
"07/22/2020","105.510","105.040","105.510","104.900","0.64%"
"07/21/2020","104.840","105.240","105.240","104.840","-0.07%"
"07/20/2020","104.910","104.330","104.960","104.330","0.77%"
"07/17/2020","104.110","103.880","104.110","103.880","0.03%"
"07/16/2020","104.080","103.640","104.080","103.560","0.28%"
"07/15/2020","103.790","103.740","103.970","103.740","0.09%"
"07/14/2020","103.700","103.540","103.770","103.380","0.28%"
"07/13/2020","103.410","103.340","103.470","103.340","-0.22%"
"07/10/2020","103.640","103.500","103.660","103.490","-0.11%"
"07/09/2020","103.750","103.750","103.790","103.730","0.00%"
"07/08/2020","103.750","103.780","103.900","103.680","0.09%"
"07/07/2020","103.660","103.700","103.700","103.280","0.24%"
"07/06/2020","103.410","103.240","103.640","103.240","0.23%"
"07/03/2020","103.170","103.730","103.900","103.090","-0.51%"
"07/02/2020","103.700","103.410","103.730","103.340","0.59%"
"07/01/2020","103.090","103.230","104.770","102.950","-0.16%"
"06/30/2020","103.260","102.760","103.280","102.740","0.28%"
"06/29/2020","102.970","102.910","102.970","102.820","0.14%"
"06/26/2020","102.830","102.910","103.000","102.810","0.15%"
"06/25/2020","102.680","102.940","103.050","102.680","-0.41%"
"06/24/2020","103.100","103.260","103.260","102.900","0.02%"
"06/23/2020","103.080","102.890","103.130","102.880","0.21%"
"06/22/2020","102.860","102.200","102.940","102.190","0.82%"
"06/19/2020","102.020","102.100","102.130","101.950","-0.09%"
"06/18/2020","102.110","101.730","102.130","101.730","0.35%"
"06/17/2020","101.750","101.810","102.000","101.550","-0.08%"
"06/16/2020","101.830","101.600","102.020","101.600","0.32%"
"06/15/2020","101.510","101.370","101.790","101.360","0.01%"
"06/12/2020","101.500","100.920","101.610","100.790","0.43%"
"06/11/2020","101.070","100.660","101.190","100.580","0.62%"
"06/10/2020","100.450","100.960","101.120","100.380","-0.52%"
"06/09/2020","100.980","101.410","101.460","100.980","-0.64%"