observation_date,IQ12260
1984-12-01,13.0
1985-01-01,
1985-02-01,
1985-03-01,11.3
1985-04-01,
1985-05-01,
1985-06-01,12.3
1985-07-01,
1985-08-01,
1985-09-01,12.7
1985-10-01,
1985-11-01,
1985-12-01,12.7
1986-01-01,
1986-02-01,
1986-03-01,13.4
1986-04-01,
1986-05-01,
1986-06-01,13.5
1986-07-01,
1986-08-01,
1986-09-01,15.9
1986-10-01,
1986-11-01,
1986-12-01,15.5
1987-01-01,
1987-02-01,
1987-03-01,16.1
1987-04-01,
1987-05-01,
1987-06-01,17.8
1987-07-01,
1987-08-01,
1987-09-01,18.0
1987-10-01,
1987-11-01,
1987-12-01,19.2
1988-01-01,
1988-02-01,
1988-03-01,16.9
1988-04-01,
1988-05-01,
1988-06-01,18.1
1988-07-01,
1988-08-01,
1988-09-01,16.8
1988-10-01,
1988-11-01,
1988-12-01,16.7
1989-01-01,
1989-02-01,
1989-03-01,15.2
1989-04-01,
1989-05-01,
1989-06-01,14.4
1989-07-01,
1989-08-01,
1989-09-01,14.1
1989-10-01,
1989-11-01,
1989-12-01,15.3
1990-01-01,
1990-02-01,
1990-03-01,16.1
1990-04-01,
1990-05-01,
1990-06-01,14.3
1990-07-01,
1990-08-01,
1990-09-01,15.2
1990-10-01,
1990-11-01,
1990-12-01,14.8
1991-01-01,
1991-02-01,
1991-03-01,14.1
1991-04-01,
1991-05-01,
1991-06-01,13.9
1991-07-01,
1991-08-01,
1991-09-01,13.6
1991-10-01,
1991-11-01,
1991-12-01,13.9
1992-01-01,
1992-02-01,
1992-03-01,13.4
1992-04-01,
1992-05-01,
1992-06-01,13.1
1992-07-01,
1992-08-01,
1992-09-01,13.3
1992-10-01,
1992-11-01,
1992-12-01,13.0
1993-01-01,
1993-02-01,
1993-03-01,12.7
1993-04-01,
1993-05-01,
1993-06-01,13.7
1993-07-01,
1993-08-01,
1993-09-01,14.2
1993-10-01,
1993-11-01,
1993-12-01,14.3
1994-01-01,15.0
1994-02-01,14.9
1994-03-01,14.7
1994-04-01,14.8
1994-05-01,14.6
1994-06-01,14.8
1994-07-01,15.0
1994-08-01,14.8
1994-09-01,14.9
1994-10-01,15.1
1994-11-01,15.0
1994-12-01,14.8
1995-01-01,14.7
1995-02-01,14.7
1995-03-01,14.7
1995-04-01,15.0
1995-05-01,15.0
1995-06-01,14.8
1995-07-01,14.9
1995-08-01,14.8
1995-09-01,14.8
1995-10-01,14.8
1995-11-01,14.7
1995-12-01,14.9
1996-01-01,14.9
1996-02-01,15.2
1996-03-01,15.3
1996-04-01,15.1
1996-05-01,15.0
1996-06-01,15.0
1996-07-01,14.8
1996-08-01,14.7
1996-09-01,14.9
1996-10-01,14.7
1996-11-01,14.7
1996-12-01,14.6
1997-01-01,14.2
1997-02-01,13.7
1997-03-01,13.3
1997-04-01,13.5
1997-05-01,13.2
1997-06-01,13.2
1997-07-01,13.1
1997-08-01,12.5
1997-09-01,12.5
1997-10-01,12.4
1997-11-01,12.5
1997-12-01,11.8
1998-01-01,11.1
1998-02-01,11.1
1998-03-01,11.4
1998-04-01,11.4
1998-05-01,11.9
1998-06-01,11.5
1998-07-01,11.2
1998-08-01,11.3
1998-09-01,10.9
1998-10-01,11.1
1998-11-01,11.4
1998-12-01,11.3
1999-01-01,11.2
1999-02-01,11.0
1999-03-01,11.0
1999-04-01,11.0
1999-05-01,10.9
1999-06-01,10.7
1999-07-01,10.0
1999-08-01,9.9
1999-09-01,10.0
1999-10-01,10.2
1999-11-01,12.0
1999-12-01,11.4
2000-01-01,11.0
2000-02-01,11.0
2000-03-01,11.6
2000-04-01,11.1
2000-05-01,10.8
2000-06-01,10.6
2000-07-01,11.0
2000-08-01,10.8
2000-09-01,10.6
2000-10-01,10.6
2000-11-01,10.4
2000-12-01,10.3
2001-01-01,10.5
2001-02-01,10.3
2001-03-01,10.1
2001-04-01,10.2
2001-05-01,10.1
2001-06-01,10.5
2001-07-01,10.2
2001-08-01,10.2
2001-09-01,10.4
2001-10-01,10.8
2001-11-01,10.8
2001-12-01,10.5
2002-01-01,10.5
2002-02-01,10.7
2002-03-01,11.2
2002-04-01,11.2
2002-05-01,11.5
2002-06-01,12.0
2002-07-01,12.3
2002-08-01,12.0
2002-09-01,11.8
2002-10-01,12.2
2002-11-01,12.1
2002-12-01,12.2
2003-01-01,12.7
2003-02-01,13.7
2003-03-01,13.8
2003-04-01,12.9
2003-05-01,12.4
2003-06-01,13.5
2003-07-01,13.5
2003-08-01,13.3
2003-09-01,13.6
2003-10-01,14.4
2003-11-01,14.4
2003-12-01,14.8
2004-01-01,15.5
2004-02-01,15.6
2004-03-01,15.3
2004-04-01,15.4
2004-05-01,15.2
2004-06-01,14.6
2004-07-01,14.9
2004-08-01,15.1
2004-09-01,15.2
2004-10-01,15.4
2004-11-01,16.0
2004-12-01,16.6
2005-01-01,16.7
2005-02-01,16.1
2005-03-01,16.0
2005-04-01,16.4
2005-05-01,16.3
2005-06-01,16.0
2005-07-01,16.3
2005-08-01,16.1
2005-09-01,16.6
2005-10-01,17.3
2005-11-01,17.8
2005-12-01,18.1
2006-01-01,19.3
2006-02-01,20.7
2006-03-01,20.9
2006-04-01,21.1
2006-05-01,23.2
2006-06-01,25.4
2006-07-01,22.6
2006-08-01,24.0
2006-09-01,23.9
2006-10-01,22.5
2006-11-01,22.2
2006-12-01,23.7
2007-01-01,23.8
2007-02-01,23.9
2007-03-01,25.0
2007-04-01,24.7
2007-05-01,25.6
2007-06-01,25.2
2007-07-01,24.7
2007-08-01,25.1
2007-09-01,25.2
2007-10-01,27.1
2007-11-01,28.7
2007-12-01,30.3
2008-01-01,30.4
2008-02-01,33.7
2008-03-01,34.9
2008-04-01,36.2
2008-05-01,34.2
2008-06-01,33.5
2008-07-01,33.6
2008-08-01,35.4
2008-09-01,31.6
2008-10-01,31.5
2008-11-01,30.3
2008-12-01,28.6
2009-01-01,30.9
2009-02-01,32.6
2009-03-01,35.6
2009-04-01,34.9
2009-05-01,33.6
2009-06-01,35.1
2009-07-01,35.7
2009-08-01,35.3
2009-09-01,35.9
2009-10-01,37.6
2009-11-01,39.4
2009-12-01,42.4
2010-01-01,42.7
2010-02-01,42.2
2010-03-01,41.3
2010-04-01,42.0
2010-05-01,43.3
2010-06-01,45.5
2010-07-01,46.5
2010-08-01,45.0
2010-09-01,45.9
2010-10-01,48.1
2010-11-01,50.7
2010-12-01,51.7
2011-01-01,52.5
2011-02-01,51.2
2011-03-01,51.8
2011-04-01,53.7
2011-05-01,55.8
2011-06-01,57.0
2011-07-01,57.5
2011-08-01,59.6
2011-09-01,66.4
2011-10-01,66.3
2011-11-01,62.9
2011-12-01,65.7
2012-01-01,62.0
2012-02-01,62.8
2012-03-01,65.7
2012-04-01,63.1
2012-05-01,62.3
2012-06-01,59.9
2012-07-01,60.3
2012-08-01,60.1
2012-09-01,61.5
2012-10-01,66.0
2012-11-01,65.8
2012-12-01,64.8
2013-01-01,63.6
2013-02-01,63.0
2013-03-01,61.4
2013-04-01,60.1
2013-05-01,56.2
2013-06-01,53.5
2013-07-01,50.6
2013-08-01,48.7
2013-09-01,51.0
2013-10-01,50.8
2013-11-01,49.7
2013-12-01,48.2
2014-01-01,46.2
2014-02-01,47.1
2014-03-01,49.2
2014-04-01,50.4
2014-05-01,49.0
2014-06-01,47.1
2014-07-01,49.9
2014-08-01,49.1
2014-09-01,47.9
2014-10-01,45.8
2014-11-01,43.7
2014-12-01,45.3
2015-01-01,45.8
2015-02-01,47.7
2015-03-01,45.4
2015-04-01,45.7
2015-05-01,45.0
2015-06-01,44.8
2015-07-01,44.2
2015-08-01,41.3
2015-09-01,42.8
2015-10-01,43.3
2015-11-01,42.1
2015-12-01,40.3
2016-01-01,41.3
2016-02-01,43.1
2016-03-01,47.1
2016-04-01,46.6
2016-05-01,48.7
2016-06-01,46.1
2016-07-01,51.3
2016-08-01,51.2
2016-09-01,50.6
2016-10-01,48.3
2016-11-01,48.9
2016-12-01,44.2
2017-01-01,44.1
2017-02-01,45.7
2017-03-01,47.0
2017-04-01,47.4
2017-05-01,47.1
2017-06-01,48.4
2017-07-01,46.2
2017-08-01,47.9
2017-09-01,50.7
2017-10-01,48.1
2017-11-01,48.2
2017-12-01,47.7
2018-01-01,49.8
2018-02-01,50.1
2018-03-01,50.1
2018-04-01,50.4
2018-05-01,49.5
2018-06-01,49.0
2018-07-01,47.4
2018-08-01,46.1
2018-09-01,45.3
2018-10-01,45.4
2018-11-01,46.3
2018-12-01,46.9
2019-01-01,48.5
2019-02-01,49.7
2019-03-01,48.8
2019-04-01,48.9
2019-05-01,48.5
2019-06-01,50.4
2019-07-01,52.9
2019-08-01,56.2
2019-09-01,58.0
2019-10-01,56.6
2019-11-01,56.3
2019-12-01,55.8
2020-01-01,58.0
2020-02-01,59.4
2020-03-01,62.2
2020-04-01,61.0
2020-05-01,64.5
2020-06-01,64.9
2020-07-01,67.2
2020-08-01,76.4
2020-09-01,74.0
2020-10-01,72.1
2020-11-01,72.6
2020-12-01,68.8
2021-01-01,72.8
2021-02-01,69.2
2021-03-01,65.1
2021-04-01,66.1
2021-05-01,68.5
2021-06-01,71.7
2021-07-01,68.6
2021-08-01,68.5
2021-09-01,68.7
2021-10-01,66.8
2021-11-01,67.9
2021-12-01,67.7
2022-01-01,68.5
2022-02-01,68.4
2022-03-01,73.1
2022-04-01,73.4
2022-05-01,71.1
2022-06-01,70.3
2022-07-01,66.6
2022-08-01,67.1
2022-09-01,64.8
2022-10-01,64.4
2022-11-01,62.5
2022-12-01,67.6
2023-01-01,70.0
2023-02-01,72.6
2023-03-01,69.5
2023-04-01,76.0
2023-05-01,76.1
2023-06-01,74.4
2023-07-01,72.7
2023-08-01,73.8
2023-09-01,72.9
2023-10-01,69.1
2023-11-01,75.4
2023-12-01,76.7
2024-01-01,77.6
2024-02-01,76.8
2024-03-01,81.0
2024-04-01,86.2
2024-05-01,87.2
2024-06-01,88.4
2024-07-01,88.6
2024-08-01,91.1
2024-09-01,94.5
2024-10-01,100.2
2024-11-01,102.4
2024-12-01,100.0
2025-01-01,100.7
2025-02-01,110.2
2025-03-01,111.2
2025-04-01,122.0
2025-05-01,128.1
2025-06-01,128.9
2025-07-01,129.0
2025-08-01,129.7
